commit_sha,commit_subject,phase,files_changed,risk_area,runtime_code_changed,source_identity_changed,selector_changed,answer_contract_changed,source_supplement_changed,scorer_runner_changed,benchmark_artifact_only,candidate_for_ablation,notes
b68ce3c,Run Phase 23R-E post-cutover full benchmark,Phase 23R-E,reports/benchmark/phase_23R_E5_delta_vs_s7_shadow.md; reports/benchmark/phase_23R_E5_green_lane_summary.md; reports/benchmark/phase_23R_E5_post_cutover_full_summary.md; reports/benchmark/runs/20260503T080937Z_phase23R_E5_post_cutover_full/candidate_answers.csv; reports/benchmark/runs/20260503T080937Z_phase23R_E5_post_cutover_full/runtime_provenance.json; reports/benchmark/runs/20260503T080937Z_phase23R_E5_post_cutover_full/runtime_provenance.md; reports/benchmark/runs/20260503T080937Z_phase23R_E5_post_cutover_full/score_summary.json; reports/benchmark/runs/20260503T080937Z_phase23R_E5_post_cutover_full/score_summary.md; reports/benchmark/runs/20260503T080937Z_phase23R_E5_post_cutover_full/scored.csv; reports/benchmark/runs/20260503T080937Z_phase23R_E5_post_cutover_full/summary.json; reports/benchmark/runs/20260503T080937Z_phase23R_E5_post_cutover_full/summary.md; reports/benchmark/runs/20260503T080937Z_phase23R_E5_post_cutover_full/trace.jsonl,benchmark_artifact,false,false,false,false,false,false,true,false,Report/run/source artifact only; exclude from code ablation unless data path is runtime-loaded.
607a50a,Run Phase 23R-E stability benchmark,Phase 23R-E,reports/benchmark/phase_23R_E6_delta_vs_E5.md; reports/benchmark/phase_23R_E6_green_lane_summary.md; reports/benchmark/phase_23R_E6_stability_decision.md; reports/benchmark/phase_23R_E6_stability_full_summary.md; reports/benchmark/runs/20260503T091350Z_phase23R_E6_stability_full/candidate_answers.csv; reports/benchmark/runs/20260503T091350Z_phase23R_E6_stability_full/runtime_provenance.json; reports/benchmark/runs/20260503T091350Z_phase23R_E6_stability_full/runtime_provenance.md; reports/benchmark/runs/20260503T091350Z_phase23R_E6_stability_full/score_summary.json; reports/benchmark/runs/20260503T091350Z_phase23R_E6_stability_full/score_summary.md; reports/benchmark/runs/20260503T091350Z_phase23R_E6_stability_full/scored.csv; reports/benchmark/runs/20260503T091350Z_phase23R_E6_stability_full/summary.json; reports/benchmark/runs/20260503T091350Z_phase23R_E6_stability_full/summary.md; reports/benchmark/runs/20260503T091350Z_phase23R_E6_stability_full/trace.jsonl,benchmark_artifact,false,false,false,false,false,false,true,false,Report/run/source artifact only; exclude from code ablation unless data path is runtime-loaded.
6e9897f,Update Phase 23R-E residual risk register,Phase 23R-E,reports/benchmark/phase_23R_E7_residual_risk_register_post_cutover.csv; reports/benchmark/phase_23R_E7_residual_risk_register_post_cutover.md,benchmark_artifact,false,false,false,false,false,false,true,false,Report/run/source artifact only; exclude from code ablation unless data path is runtime-loaded.
8308197,Audit Phase 23R-E productization readiness,Phase 23R-E,reports/benchmark/phase_23R_E8_productization_readiness_audit.md,docs_only,false,false,false,false,false,false,true,false,Report/run/source artifact only; exclude from code ablation unless data path is runtime-loaded.
9833a08,Report Phase 23R-E controlled cutover final outcome,Phase 23R-E,reports/benchmark/phase_23R_E_controlled_cutover_final_report.md,docs_only,false,false,false,false,false,false,true,false,Report/run/source artifact only; exclude from code ablation unless data path is runtime-loaded.
34d6ad1,Triage Phase 24 residual risks,Phase 24,reports/benchmark/phase_24A_residual_triage.csv; reports/benchmark/phase_24A_residual_triage_report.md,benchmark_artifact,false,false,false,false,false,false,true,false,Report/run/source artifact only; exclude from code ablation unless data path is runtime-loaded.
7e63e81,Create Phase 24B legal scorer review packet,Phase 24B,reports/benchmark/phase_24B_legal_scorer_review_packet.csv; reports/benchmark/phase_24B_legal_scorer_review_packet.md,benchmark_artifact,false,false,false,false,false,false,true,false,Report/run/source artifact only; exclude from code ablation unless data path is runtime-loaded.
b500719,Plan Phase 24C residual corpus backfill,Phase 24C,reports/benchmark/phase_24C_residual_corpus_backfill_plan.csv; reports/benchmark/phase_24C_residual_corpus_backfill_plan.md,benchmark_artifact,false,false,false,false,false,false,true,false,Report/run/source artifact only; exclude from code ablation unless data path is runtime-loaded.
dc54eee,Plan Phase 24D internal eval blocker closure,Phase 24D,reports/benchmark/phase_24D_internal_eval_blocker_closure_plan.md,docs_only,false,false,false,false,false,false,true,false,Report/run/source artifact only; exclude from code ablation unless data path is runtime-loaded.
a6f2f99,Design Phase 24E serving policy,Phase 24E,reports/benchmark/phase_24E_serving_policy_design.md,docs_only,false,false,false,false,false,false,true,false,Report/run/source artifact only; exclude from code ablation unless data path is runtime-loaded.
f06ec01,Record Phase 24F internal eval readiness decision,Phase 24F,reports/benchmark/phase_24F_internal_eval_readiness_gate.md,docs_only,false,false,false,false,false,false,true,false,Report/run/source artifact only; exclude from code ablation unless data path is runtime-loaded.
7ceb202,Report Phase 24-25 master execution outcome,Phase 24-25,reports/benchmark/phase_24_25_master_execution_report.md,docs_only,false,false,false,false,false,false,true,false,Report/run/source artifact only; exclude from code ablation unless data path is runtime-loaded.
4400307,Intake Phase 24 residual closure status,Phase 24,reports/benchmark/phase_24G_residual_closure_intake.csv; reports/benchmark/phase_24G_residual_closure_intake.md,benchmark_artifact,false,false,false,false,false,false,true,false,Report/run/source artifact only; exclude from code ablation unless data path is runtime-loaded.
dec8e05,Refresh Phase 24 legal scorer review follow-up,Phase 24,reports/benchmark/phase_24H_legal_scorer_review_checklist.md; reports/benchmark/phase_24H_legal_scorer_review_followup.md,docs_only,false,false,false,false,false,false,true,false,Report/run/source artifact only; exclude from code ablation unless data path is runtime-loaded.
c1b7fd1,Prepare Phase 24I official source acquisition checklist,Phase 24I,reports/benchmark/phase_24I_official_source_acquisition_checklist.md; reports/benchmark/phase_24I_official_source_acquisition_instructions.md; reports/benchmark/phase_24I_source_acquisition_readiness.csv; reports/benchmark/phase_24I_source_acquisition_readiness.md,benchmark_artifact,false,false,false,false,false,false,true,false,Report/run/source artifact only; exclude from code ablation unless data path is runtime-loaded.
f9a45cc,Record Phase 24J shadow remediation not run,Phase 24J,reports/benchmark/phase_24J_shadow_remediation_not_run.md,docs_only,false,false,false,false,false,false,true,false,Report/run/source artifact only; exclude from code ablation unless data path is runtime-loaded.
95d6e11,Record Phase 24K full shadow benchmark not run,Phase 24K,reports/benchmark/phase_24K_full_shadow_not_run.md,docs_only,false,false,false,false,false,false,true,false,Report/run/source artifact only; exclude from code ablation unless data path is runtime-loaded.
582ae10,Recheck Phase 24L internal eval readiness,Phase 24L,reports/benchmark/phase_24L_internal_eval_readiness_recheck.md,docs_only,false,false,false,false,false,false,true,false,Report/run/source artifact only; exclude from code ablation unless data path is runtime-loaded.
490cfae,Record Phase 25A not run,Phase 25A,reports/benchmark/phase_25A_not_run.md,docs_only,false,false,false,false,false,false,true,false,Report/run/source artifact only; exclude from code ablation unless data path is runtime-loaded.
4962f5a,Record Phase 25B not run,Phase 25B,reports/benchmark/phase_25B_not_run.md,docs_only,false,false,false,false,false,false,true,false,Report/run/source artifact only; exclude from code ablation unless data path is runtime-loaded.
01e217f,Recheck Phase 25C productization readiness,Phase 25C,reports/benchmark/phase_25C_productization_readiness_recheck.md,docs_only,false,false,false,false,false,false,true,false,Report/run/source artifact only; exclude from code ablation unless data path is runtime-loaded.
26ec07b,Report Phase 24G-25C autonomous execution outcome,Phase 24G-25C,reports/benchmark/phase_24G_25C_autonomous_execution_report.md,docs_only,false,false,false,false,false,false,true,false,Report/run/source artifact only; exclude from code ablation unless data path is runtime-loaded.
414182f,Intake Phase 24 legal and source review returns,Phase 24,reports/benchmark/legal_review_returns/filled_phase_24H_legal_scorer_review_return.csv; reports/benchmark/legal_review_returns/filled_phase_24I_official_source_acquisition_checklist.csv; reports/benchmark/phase_24H_legal_scorer_review_normalization.csv; reports/benchmark/phase_24H_legal_scorer_review_normalization.md; reports/benchmark/phase_24I_official_source_acquisition_checklist.csv; reports/benchmark/phase_24I_official_source_acquisition_return_validation.csv; reports/benchmark/phase_24I_official_source_acquisition_return_validation.md; reports/benchmark/phase_24L_after_returns_internal_eval_readiness_recheck.md,benchmark_artifact,false,false,false,false,false,false,true,false,Report/run/source artifact only; exclude from code ablation unless data path is runtime-loaded.
b541ee4,Verify Phase 24I source acquisition raw delivery,Phase 24I,reports/benchmark/phase_24I_official_source_acquisition_return_validation.csv; reports/benchmark/phase_24I_official_source_acquisition_return_validation.md; reports/benchmark/phase_24L_after_returns_internal_eval_readiness_recheck.md; reports/benchmark/source_acquisition/phase_24I/raw/kanun_12_5651_official_source.txt; reports/benchmark/source_acquisition/phase_24I/raw/kky_03_bddk_bilgi_sistemleri_official_source.txt; reports/benchmark/source_acquisition/phase_24I/raw/tuzuk_04_radyasyon_guvenligi_official_source.txt; reports/benchmark/source_acquisition/phase_24I/raw/yon_04_kvkk_silme_yok_etme_anonim_official_source.txt,benchmark_artifact,false,false,false,false,false,false,true,false,Report/run/source artifact only; exclude from code ablation unless data path is runtime-loaded.
bba5f88,Reconcile Phase 24I expert delivery notes,Phase 24I,reports/benchmark/phase_24I_official_source_acquisition_return_validation.md; reports/benchmark/phase_24I_source_acquisition_delivery_notes_intake.md; reports/benchmark/phase_24L_after_returns_internal_eval_readiness_recheck.md,docs_only,false,false,false,false,false,false,true,false,Report/run/source artifact only; exclude from code ablation unless data path is runtime-loaded.
24a5619,Intake confirmed Phase 24I source acquisition update,Phase 24I,reports/benchmark/filled_phase_24I_official_source_acquisition_checklist.csv; reports/benchmark/filled_phase_24I_official_source_acquisition_notes.md; reports/benchmark/phase_24I_official_source_acquisition_return_validation.csv; reports/benchmark/phase_24I_official_source_acquisition_return_validation.md; reports/benchmark/phase_24I_source_acquisition_delivery_notes_intake.md; reports/benchmark/phase_24L_after_returns_internal_eval_readiness_recheck.md,benchmark_artifact,false,false,false,false,false,false,true,false,Report/run/source artifact only; exclude from code ablation unless data path is runtime-loaded.
c70215a,Verify Phase 24J confirmed source bundle,Phase 24J,reports/benchmark/hukuk_ai_phase24J_targeted_shadow_backfill_brief.md; reports/benchmark/phase_24J_source_bundle_verification.csv; reports/benchmark/phase_24J_source_bundle_verification.md; scripts/benchmark/phase24j_targeted_shadow_backfill.py,unknown,false,false,false,false,false,false,false,false,
4e98223,Materialize Phase 24J confirmed residual source spans,Phase 24J,reports/benchmark/phase_24J_catalog_delta_report.md; reports/benchmark/phase_24J_span_materialization_report.md; reports/benchmark/phase_24J_text_extraction_report.md; reports/benchmark/source_acquisition/phase_24J/catalog_delta/phase_24J_catalog_delta.csv; reports/benchmark/source_acquisition/phase_24J/catalog_delta/phase_24J_catalog_delta.json; reports/benchmark/source_acquisition/phase_24J/catalog_delta/phase_24J_source_supplement.json; reports/benchmark/source_acquisition/phase_24J/normalized/kanun_12_5651.txt; reports/benchmark/source_acquisition/phase_24J/normalized/kky_03_bddk_bilgi_sistemleri.txt; reports/benchmark/source_acquisition/phase_24J/normalized/tuzuk_04_radyasyon_guvenligi.txt; reports/benchmark/source_acquisition/phase_24J/normalized/yon_04_kvkk_silme_yok_etme_anonim.txt; reports/benchmark/source_acquisition/phase_24J/spans/phase_24J_residual_spans.csv; reports/benchmark/source_acquisition/phase_24J/spans/phase_24J_residual_spans.jsonl; scripts/benchmark/phase24j_targeted_shadow_backfill.py,source_supplement,false,false,false,false,true,false,false,false,"Shadow/materialized source-acquisition data; may affect non-live shadow collections, not live BASE unless code explicitly loads it."
090a77c,Build Phase 24J residual shadow collection,Phase 24J,reports/benchmark/phase_24J_shadow_collection_build_report.md; reports/benchmark/phase_24J_shadow_runtime_provenance.json; scripts/benchmark/phase24j_targeted_shadow_backfill.py,unknown,false,false,false,false,false,false,false,false,
3d355ff,Run Phase 24J targeted residual shadow smoke,Phase 24J,reports/benchmark/phase_24J_targeted_shadow_smoke_report.md; reports/benchmark/phase_24K_full_shadow_not_run.md,docs_only,false,false,false,false,false,false,true,false,Report/run/source artifact only; exclude from code ablation unless data path is runtime-loaded.
5b9cfba,Recheck Phase 24L after Phase 24J residual remediation,Phase 24L,reports/benchmark/phase_24L_after_phase24J_internal_eval_readiness_recheck.md,docs_only,false,false,false,false,false,false,true,false,Report/run/source artifact only; exclude from code ablation unless data path is runtime-loaded.
39e69bd,Record Phase 25 status after Phase 24J,Phase 25,reports/benchmark/phase_25A_not_run_after_phase24J.md; reports/benchmark/phase_25B_not_run_after_phase24J.md; reports/benchmark/phase_25C_productization_readiness_recheck_after_phase24J.md,docs_only,false,false,false,false,false,false,true,false,Report/run/source artifact only; exclude from code ablation unless data path is runtime-loaded.
5ca82e3,Report Phase 24J-25C targeted shadow backfill outcome,Phase 24J-25C,reports/benchmark/phase_24J_25C_targeted_shadow_backfill_execution_report.md,docs_only,false,false,false,false,false,false,true,false,Report/run/source artifact only; exclude from code ablation unless data path is runtime-loaded.
1c90f69,Audit Phase 24J critical retrieval diff,Phase 24J,reports/benchmark/hukuk_ai_phase24J_R_retrieval_selector_regression_diagnostic_brief.md; reports/benchmark/phase_24J_R_critical_retrieval_diff.csv; reports/benchmark/phase_24J_R_critical_retrieval_diff.md; scripts/benchmark/phase24j_r_retrieval_selector_diagnostic.py,unknown,false,false,false,false,false,false,false,false,
e17e760,Audit Phase 24J new span interference,Phase 24J,reports/benchmark/phase_24J_R_span_interference_audit.csv; reports/benchmark/phase_24J_R_span_interference_audit.md,benchmark_artifact,false,false,false,false,false,false,true,false,Report/run/source artifact only; exclude from code ablation unless data path is runtime-loaded.
5a9fbf3,Audit Phase 24J runtime provenance diff,Phase 24J,reports/benchmark/phase_24J_R_runtime_provenance_diff.json; reports/benchmark/phase_24J_R_runtime_provenance_diff.md,benchmark_artifact,false,false,false,false,false,false,true,false,Report/run/source artifact only; exclude from code ablation unless data path is runtime-loaded.
ff2dd13,Design Phase 24J regression remediation,Phase 24J,reports/benchmark/phase_24J_R_remediation_design.md,docs_only,false,false,false,false,false,false,true,false,Report/run/source artifact only; exclude from code ablation unless data path is runtime-loaded.
2680fff,Report Phase 24J retrieval regression diagnostic,Phase 24J,reports/benchmark/phase_24J_R_regression_diagnostic_report.md,docs_only,false,false,false,false,false,false,true,false,Report/run/source artifact only; exclude from code ablation unless data path is runtime-loaded.
f05d688,Plan Phase 24J-R2 normalized provenance rerun,Phase 24J-R2,reports/benchmark/hukuk_ai_phase24J_R2_normalized_provenance_rerun_brief.md; reports/benchmark/phase_24J_R2_provenance_normalization_plan.json; reports/benchmark/phase_24J_R2_provenance_normalization_plan.md; scripts/benchmark/phase24j_r2_normalized_provenance.py,unknown,false,false,false,false,false,false,false,false,
d0c1a7c,Verify Phase 24J-R2 collection load state,Phase 24J-R2,reports/benchmark/phase_24J_R2_collection_load_verification.json; reports/benchmark/phase_24J_R2_collection_load_verification.md,benchmark_artifact,false,false,false,false,false,false,true,false,Report/run/source artifact only; exclude from code ablation unless data path is runtime-loaded.
d8ce865,Start Phase 24J-R2 matched candidate runtimes,Phase 24J-R2,reports/benchmark/phase_24J_R2_runtime_pair_provenance.json; reports/benchmark/phase_24J_R2_runtime_pair_provenance.md,benchmark_artifact,false,false,false,false,false,false,true,false,Report/run/source artifact only; exclude from code ablation unless data path is runtime-loaded.
c35ad85,Run Phase 24J-R2 critical guard paired smoke,Phase 24J-R2,reports/benchmark/phase_24J_R2_critical_guard_paired_smoke.csv; reports/benchmark/phase_24J_R2_critical_guard_paired_smoke.md; scripts/benchmark/phase24j_r2_normalized_provenance.py,unknown,false,false,false,false,false,false,false,false,
bbd4dd9,Run Phase 24J-R2 residual targeted paired smoke,Phase 24J-R2,reports/benchmark/phase_24J_R2_residual_targeted_paired_smoke.csv; reports/benchmark/phase_24J_R2_residual_targeted_paired_smoke.md; scripts/benchmark/phase24j_r2_normalized_provenance.py,unknown,false,false,false,false,false,false,false,false,
8810043,Record Phase 24J-R2 normalized provenance decision,Phase 24J-R2,reports/benchmark/phase_24J_R2_normalized_provenance_decision.md,docs_only,false,false,false,false,false,false,true,false,Report/run/source artifact only; exclude from code ablation unless data path is runtime-loaded.
d0de493,Report Phase 24J-R2 normalized provenance rerun outcome,Phase 24J-R2,reports/benchmark/phase_24J_R2_normalized_provenance_rerun_report.md,docs_only,false,false,false,false,false,false,true,false,Report/run/source artifact only; exclude from code ablation unless data path is runtime-loaded.
b353532,Record Phase 24M diagnostic collection disposition,Phase 24M,reports/benchmark/hukuk_ai_phase24M_residual_closure_handoff_stop_loss_brief.md; reports/benchmark/phase_24M_diagnostic_collection_disposition.md,docs_only,false,false,false,false,false,false,true,false,Report/run/source artifact only; exclude from code ablation unless data path is runtime-loaded.
d7bbe4f,Consolidate Phase 24M residual blockers,Phase 24M,reports/benchmark/phase_24M_residual_blocker_consolidation.csv; reports/benchmark/phase_24M_residual_blocker_consolidation.md,benchmark_artifact,false,false,false,false,false,false,true,false,Report/run/source artifact only; exclude from code ablation unless data path is runtime-loaded.
b07ef52,Check Phase 24M required human return files,Phase 24M,reports/benchmark/phase_24M_required_human_returns_check.md,docs_only,false,false,false,false,false,false,true,false,Report/run/source artifact only; exclude from code ablation unless data path is runtime-loaded.
e72b7fe,Create Phase 24M human action packet,Phase 24M,reports/benchmark/phase_24M_human_action_packet.md,docs_only,false,false,false,false,false,false,true,false,Report/run/source artifact only; exclude from code ablation unless data path is runtime-loaded.
c85ee51,Record Phase 24M stop-loss decision,Phase 24M,reports/benchmark/phase_24M_stop_loss_decision.md,docs_only,false,false,false,false,false,false,true,false,Report/run/source artifact only; exclude from code ablation unless data path is runtime-loaded.
0ccdc24,Report Phase 24M residual closure handoff,Phase 24M,reports/benchmark/phase_24M_residual_closure_handoff_report.md,docs_only,false,false,false,false,false,false,true,false,Report/run/source artifact only; exclude from code ablation unless data path is runtime-loaded.
742f629,Intake Phase 24N completed review returns,Phase 24N,reports/benchmark/hukuk_ai_phase24N_completed_review_intake_shadow_remediation_brief.md; reports/benchmark/legal_review_returns/filled_phase_24H_legal_scorer_review_return.csv; reports/benchmark/legal_review_returns/filled_phase_24H_legal_scorer_review_return__completed.csv; reports/benchmark/legal_review_returns/filled_phase_24I_official_source_acquisition_checklist.csv; reports/benchmark/legal_review_returns/filled_phase_24I_official_source_acquisition_checklist__completed.csv; reports/benchmark/phase_24N_review_return_intake.md; reports/benchmark/phase_24N_review_return_validation.csv,benchmark_artifact,false,false,false,false,false,false,true,false,Report/run/source artifact only; exclude from code ablation unless data path is runtime-loaded.
eff3442,Normalize Phase 24N residual closure decisions,Phase 24N,reports/benchmark/phase_24N_closure_decision_normalization.csv; reports/benchmark/phase_24N_closure_decision_normalization.md,benchmark_artifact,false,false,false,false,false,false,true,false,Report/run/source artifact only; exclude from code ablation unless data path is runtime-loaded.
2fbb6e0,Plan Phase 24N shadow remediation,Phase 24N,reports/benchmark/phase_24N_shadow_remediation_plan.csv; reports/benchmark/phase_24N_shadow_remediation_plan.md,benchmark_artifact,false,false,false,false,false,false,true,false,Report/run/source artifact only; exclude from code ablation unless data path is runtime-loaded.
de7c653,Implement Phase 24N shadow residual remediation,Phase 24N,reports/benchmark/phase_24N_shadow_remediation_report.md; reports/benchmark/phase_24N_shadow_runtime_provenance.json; reports/benchmark/phase_24N_source_bundle_verification.csv; reports/benchmark/phase_24N_source_bundle_verification.md; reports/benchmark/phase_24N_span_materialization_report.md; reports/benchmark/source_acquisition/phase_24N/catalog_delta/phase_24N_catalog_delta.json; reports/benchmark/source_acquisition/phase_24N/catalog_delta/phase_24N_source_supplement.json; reports/benchmark/source_acquisition/phase_24N/normalized/kanun_12_5651.txt; reports/benchmark/source_acquisition/phase_24N/normalized/kky_03_bddk_bilgi_sistemleri.txt; reports/benchmark/source_acquisition/phase_24N/normalized/yon_04_kvkk_silme_yok_etme_anonim.txt; reports/benchmark/source_acquisition/phase_24N/spans/phase_24N_residual_spans.csv; reports/benchmark/source_acquisition/phase_24N/spans/phase_24N_residual_spans.jsonl; scripts/benchmark/phase24n_completed_review_intake.py,source_supplement,false,false,false,false,true,false,false,true,Materialized Phase24N span data later dynamically loaded by source_supplements; data-level ablation candidate already partially tested by supplement-disable in Phase24U-D.
ea34010,Run Phase 24N targeted shadow smoke,Phase 24N,reports/benchmark/phase_24N_targeted_shadow_smoke_report.md,docs_only,false,false,false,false,false,false,true,false,Report/run/source artifact only; exclude from code ablation unless data path is runtime-loaded.
c5d3a84,Record Phase 24N full shadow benchmark not run,Phase 24N,reports/benchmark/phase_24N_full_shadow_not_run.md,docs_only,false,false,false,false,false,false,true,false,Report/run/source artifact only; exclude from code ablation unless data path is runtime-loaded.
941e5cb,Recheck Phase 24N internal eval readiness,Phase 24N,reports/benchmark/phase_24N_internal_eval_readiness_recheck.md,docs_only,false,false,false,false,false,false,true,false,Report/run/source artifact only; exclude from code ablation unless data path is runtime-loaded.
30da267,Report Phase 24N completed review intake outcome,Phase 24N,reports/benchmark/phase_24N_completed_review_intake_report.md,docs_only,false,false,false,false,false,false,true,false,Report/run/source artifact only; exclude from code ablation unless data path is runtime-loaded.
ddcadd2,Execute Phase 24O shadow residual remediation,Phase 24O,api-gateway/src/rag/answer_synthesis.py; api-gateway/src/rag/source_identity.py; api-gateway/src/rag/source_supplements.py; api-gateway/src/routers/chat.py; reports/benchmark/hukuk_ai_phase24O_autonomous_residual_remediation_brief.md; reports/benchmark/phase_24O_A_source_identity_selector_audit.csv; reports/benchmark/phase_24O_A_source_identity_selector_audit.md; reports/benchmark/phase_24O_B_tuzuk04_temporal_guard_audit.md; reports/benchmark/phase_24O_C_cby06_amendment_span_audit.md; reports/benchmark/phase_24O_C_cby06_source_acquisition_packet.md; reports/benchmark/phase_24O_D_taxonomy_compatibility_audit.md; reports/benchmark/phase_24O_E_teb04_scorer_materialization_audit.md; reports/benchmark/phase_24O_F_tuzuk05_stop_loss.md; reports/benchmark/phase_24O_delta_vs_phase23RE.md; reports/benchmark/phase_24O_full_shadow_benchmark_summary.md; reports/benchmark/phase_24O_green_lane_summary.md; reports/benchmark/phase_24O_internal_eval_readiness_recheck.md; reports/benchmark/phase_24O_targeted_smoke_report.md,source_identity,true,true,true,true,true,false,false,true,"Only runtime code commit in Phase23R-E..Phase24U range; changed source_identity, answer_synthesis, source_supplements, chat trace surface indirectly via imports/use."
bab54e1,Report Phase 24O residual remediation outcome,Phase 24O,reports/benchmark/phase_24O_autonomous_residual_remediation_report.md,docs_only,false,false,false,false,false,false,true,false,Report/run/source artifact only; exclude from code ablation unless data path is runtime-loaded.
013a309,Report Phase 24P targeted materialization outcome,Phase 24P,reports/benchmark/hukuk_ai_phase24P_targeted_materialization_brief.md; reports/benchmark/phase_24P_A_cby06_amendment_source_audit.csv; reports/benchmark/phase_24P_A_cby06_amendment_source_audit.md; reports/benchmark/phase_24P_B_teb04_kdv_section_audit.csv; reports/benchmark/phase_24P_B_teb04_kdv_section_audit.md; reports/benchmark/phase_24P_C_targeted_materialization_plan.csv; reports/benchmark/phase_24P_C_targeted_materialization_plan.md; reports/benchmark/phase_24P_D_shadow_materialization_not_run.md; reports/benchmark/phase_24P_E_targeted_smoke_not_run.md; reports/benchmark/phase_24P_F_full_shadow_not_run.md; reports/benchmark/phase_24P_G_internal_eval_readiness_recheck.md; reports/benchmark/phase_24P_targeted_materialization_report.md; reports/benchmark/source_acquisition/phase_24P/normalized/cby_06_rg_20260403_33213_karar_11153_ocr_transcription.txt; reports/benchmark/source_acquisition/phase_24P/raw/cby_06_rg_20260403_33213_karar_11153.pdf; reports/benchmark/source_acquisition/phase_24P/raw/ocr/cby_06_ocr.txt; reports/benchmark/source_acquisition/phase_24P/raw/ocr/cby_06_ocr_4x.txt; reports/benchmark/source_acquisition/phase_24P/raw/ocr/cby_06_page.png; reports/benchmark/source_acquisition/phase_24P/raw/ocr/cby_06_page_4x.png; reports/benchmark/source_acquisition/phase_24P/raw/teb_04_kdv_gut_consolidated_20250918.pdf; reports/benchmark/source_acquisition/phase_24P/raw/teb_04_kdv_gut_consolidated_20250918_resources.pdf; reports/benchmark/source_acquisition/phase_24P/raw/teb_04_kdv_gut_consolidated_gib.pdf; reports/benchmark/source_acquisition/phase_24P/raw/teb_04_kdv_gut_web_extract_acquisition_record.txt,benchmark_artifact,false,false,false,false,false,false,true,false,Report/run/source artifact only; exclude from code ablation unless data path is runtime-loaded.
1f17787,Record Phase 24P report commit list,Phase 24P,reports/benchmark/phase_24P_targeted_materialization_report.md,docs_only,false,false,false,false,false,false,true,false,Report/run/source artifact only; exclude from code ablation unless data path is runtime-loaded.
e63e8e4,Materialize Phase 24P-R1 CBY-06 shadow span,Phase 24P-R1,reports/benchmark/hukuk_ai_phase24P_R_split_cby06_teb04_execution_brief.md; reports/benchmark/phase_24P_R1_cby06_materialization_plan.md; reports/benchmark/phase_24P_R1_cby06_shadow_materialization_report.md; reports/benchmark/phase_24P_R1_shadow_runtime_provenance.json; reports/benchmark/phase_24P_R2_teb04_capture_blocker.md; reports/benchmark/phase_24P_R2_teb04_raw_capture.csv; reports/benchmark/phase_24P_R2_teb04_raw_capture_report.md; reports/benchmark/source_acquisition/phase_24P_R/r1_cby06/catalog_delta/phase_24P_R1_cby06_catalog_delta.json; reports/benchmark/source_acquisition/phase_24P_R/r1_cby06/catalog_delta/phase_24P_R1_cby06_source_supplement.json; reports/benchmark/source_acquisition/phase_24P_R/r1_cby06/spans/phase_24P_R1_cby06_spans.csv; reports/benchmark/source_acquisition/phase_24P_R/r1_cby06/spans/phase_24P_R1_cby06_spans.jsonl; reports/benchmark/source_acquisition/phase_24P_R/r2_teb04/raw/teb04_browser_user_agent.bin; reports/benchmark/source_acquisition/phase_24P_R/r2_teb04/raw/teb04_browser_user_agent.headers; reports/benchmark/source_acquisition/phase_24P_R/r2_teb04/raw/teb04_direct_http.bin; reports/benchmark/source_acquisition/phase_24P_R/r2_teb04/raw/teb04_direct_http.headers; reports/benchmark/source_acquisition/phase_24P_R/r2_teb04/raw/teb04_redirect_content_disposition.bin; reports/benchmark/source_acquisition/phase_24P_R/r2_teb04/raw/teb04_redirect_content_disposition.headers; scripts/benchmark/phase24p_r_split_execution.py,source_supplement,false,false,false,false,true,false,false,false,"Shadow/materialized source-acquisition data; may affect non-live shadow collections, not live BASE unless code explicitly loads it."
100c623,Run Phase 24P-R1 CBY-06 targeted smoke,Phase 24P-R1,reports/benchmark/phase_24P_R1_cby06_targeted_smoke_report.md; reports/benchmark/runs/phase_24P_R1_cby06_targeted_smoke_loaded_20260504T1332Z/candidate_answers.csv; reports/benchmark/runs/phase_24P_R1_cby06_targeted_smoke_loaded_20260504T1332Z/runtime_provenance.json; reports/benchmark/runs/phase_24P_R1_cby06_targeted_smoke_loaded_20260504T1332Z/runtime_provenance.md; reports/benchmark/runs/phase_24P_R1_cby06_targeted_smoke_loaded_20260504T1332Z/score/score_summary.json; reports/benchmark/runs/phase_24P_R1_cby06_targeted_smoke_loaded_20260504T1332Z/score/score_summary.md; reports/benchmark/runs/phase_24P_R1_cby06_targeted_smoke_loaded_20260504T1332Z/score/scored.csv; reports/benchmark/runs/phase_24P_R1_cby06_targeted_smoke_loaded_20260504T1332Z/summary.json; reports/benchmark/runs/phase_24P_R1_cby06_targeted_smoke_loaded_20260504T1332Z/summary.md; reports/benchmark/runs/phase_24P_R1_cby06_targeted_smoke_loaded_20260504T1332Z/trace.jsonl,benchmark_artifact,false,false,false,false,false,false,true,false,Report/run/source artifact only; exclude from code ablation unless data path is runtime-loaded.
8e99a9f,Run Phase 24P-R full shadow benchmark,Phase 24P-R,reports/benchmark/phase_24P_R_delta_vs_phase23RE.md; reports/benchmark/phase_24P_R_full_shadow_summary.md; reports/benchmark/phase_24P_R_green_lane_summary.md; reports/benchmark/runs/phase_24P_R_full_shadow_20260504T1340Z/candidate_answers.csv; reports/benchmark/runs/phase_24P_R_full_shadow_20260504T1340Z/runtime_provenance.json; reports/benchmark/runs/phase_24P_R_full_shadow_20260504T1340Z/runtime_provenance.md; reports/benchmark/runs/phase_24P_R_full_shadow_20260504T1340Z/score/score_summary.json; reports/benchmark/runs/phase_24P_R_full_shadow_20260504T1340Z/score/score_summary.md; reports/benchmark/runs/phase_24P_R_full_shadow_20260504T1340Z/score/scored.csv; reports/benchmark/runs/phase_24P_R_full_shadow_20260504T1340Z/summary.json; reports/benchmark/runs/phase_24P_R_full_shadow_20260504T1340Z/summary.md; reports/benchmark/runs/phase_24P_R_full_shadow_20260504T1340Z/trace.jsonl,benchmark_artifact,false,false,false,false,false,false,true,false,Report/run/source artifact only; exclude from code ablation unless data path is runtime-loaded.
371eddc,Recheck Phase 24P-R internal eval readiness,Phase 24P-R,reports/benchmark/phase_24P_R_internal_eval_readiness_recheck.md,docs_only,false,false,false,false,false,false,true,false,Report/run/source artifact only; exclude from code ablation unless data path is runtime-loaded.
a5f25e5,Report Phase 24P-R split execution outcome,Phase 24P-R,reports/benchmark/phase_24P_R_split_execution_report.md,docs_only,false,false,false,false,false,false,true,false,Report/run/source artifact only; exclude from code ablation unless data path is runtime-loaded.
4844b26,Audit Phase 24Q-A CBY-only full regression,Phase 24Q-A,reports/benchmark/hukuk_ai_phase24Q_regression_acquisition_trace_policy_brief.md; reports/benchmark/phase_24Q_A_cby06_full_regression_audit.csv; reports/benchmark/phase_24Q_A_cby06_full_regression_audit.md,benchmark_artifact,false,false,false,false,false,false,true,false,Report/run/source artifact only; exclude from code ablation unless data path is runtime-loaded.
f39cdf7,Record Phase 24Q-B CBY-06 merge decision,Phase 24Q-B,reports/benchmark/phase_24Q_B_cby06_merge_decision.md,docs_only,false,false,false,false,false,false,true,false,Report/run/source artifact only; exclude from code ablation unless data path is runtime-loaded.
299cef7,Plan Phase 24Q-C TEB-04 raw acquisition alternatives,Phase 24Q-C,reports/benchmark/phase_24Q_C_teb04_raw_acquisition_alternative_plan.md,docs_only,false,false,false,false,false,false,true,false,Report/run/source artifact only; exclude from code ablation unless data path is runtime-loaded.
b7367d7,Define Phase 24Q trace artifact policy,Phase 24Q,.gitignore; reports/benchmark/phase_24Q_D_trace_artifact_policy.md,unknown,false,false,false,false,false,false,false,false,
c5bacfa,Report Phase 24Q regression and acquisition decision,Phase 24Q,reports/benchmark/phase_24Q_regression_and_acquisition_decision_report.md,docs_only,false,false,false,false,false,false,true,false,Report/run/source artifact only; exclude from code ablation unless data path is runtime-loaded.
fa93e93,Record Phase 24Q final report SHA,Phase 24Q,reports/benchmark/phase_24Q_regression_and_acquisition_decision_report.md,docs_only,false,false,false,false,false,false,true,false,Report/run/source artifact only; exclude from code ablation unless data path is runtime-loaded.
a1122c3,Plan Phase 24R matched base-vs-CBY A/B run,Phase 24R,reports/benchmark/hukuk_ai_phase24R_matched_ab_teb_raw_intake_brief.md; reports/benchmark/phase_24R_A_matched_ab_plan.json; reports/benchmark/phase_24R_A_matched_ab_plan.md,benchmark_artifact,false,false,false,false,false,false,true,false,Report/run/source artifact only; exclude from code ablation unless data path is runtime-loaded.
f15a0de,Verify Phase 24R matched runtime pair,Phase 24R,reports/benchmark/phase_24R_B_runtime_pair_provenance.json; reports/benchmark/phase_24R_B_runtime_pair_verification.md,benchmark_artifact,false,false,false,false,false,false,true,false,Report/run/source artifact only; exclude from code ablation unless data path is runtime-loaded.
5ee5fa2,Run Phase 24R matched targeted A/B smoke,Phase 24R,reports/benchmark/phase_24R_C_matched_targeted_ab_smoke.csv; reports/benchmark/phase_24R_C_matched_targeted_ab_smoke.md,benchmark_artifact,false,false,false,false,false,false,true,false,Report/run/source artifact only; exclude from code ablation unless data path is runtime-loaded.
c301ddd,Run Phase 24R matched full A/B benchmark,Phase 24R,reports/benchmark/phase_24R_D_base_full_summary.md; reports/benchmark/phase_24R_D_cby_full_summary.md; reports/benchmark/phase_24R_D_green_lane_summary.md; reports/benchmark/phase_24R_D_matched_ab_delta.csv; reports/benchmark/phase_24R_D_matched_ab_delta.md,benchmark_artifact,false,false,false,false,false,false,true,false,Report/run/source artifact only; exclude from code ablation unless data path is runtime-loaded.
871c3bf,Record Phase 24R CBY merge decision,Phase 24R,reports/benchmark/phase_24R_E_cby_merge_decision.md,docs_only,false,false,false,false,false,false,true,false,Report/run/source artifact only; exclude from code ablation unless data path is runtime-loaded.
d269da7,Process Phase 24R TEB-04 manual raw intake,Phase 24R,reports/benchmark/phase_24R_F_teb04_manual_download_instruction.md; reports/benchmark/phase_24R_F_teb04_manual_raw_intake.csv; reports/benchmark/phase_24R_F_teb04_manual_raw_intake.md,benchmark_artifact,false,false,false,false,false,false,true,false,Report/run/source artifact only; exclude from code ablation unless data path is runtime-loaded.
797b5b0,Check Phase 24R trace artifact compliance,Phase 24R,reports/benchmark/phase_24R_G_trace_artifact_compliance.md,docs_only,false,false,false,false,false,false,true,false,Report/run/source artifact only; exclude from code ablation unless data path is runtime-loaded.
258aab4,Report Phase 24R matched A/B and TEB intake outcome,Phase 24R,reports/benchmark/phase_24R_matched_ab_and_teb_intake_report.md,docs_only,false,false,false,false,false,false,true,false,Report/run/source artifact only; exclude from code ablation unless data path is runtime-loaded.
b63c757,Record Phase 24R final report SHA,Phase 24R,reports/benchmark/phase_24R_matched_ab_and_teb_intake_report.md,docs_only,false,false,false,false,false,false,true,false,Report/run/source artifact only; exclude from code ablation unless data path is runtime-loaded.
51a629d,Create Phase 24S CBY cutover candidate manifest,Phase 24S,reports/benchmark/hukuk_ai_phase24S_controlled_cby_cutover_brief.md; reports/benchmark/phase_24S_A_cby_cutover_candidate_manifest.json; reports/benchmark/phase_24S_A_cby_cutover_candidate_manifest.md,benchmark_artifact,false,false,false,false,false,false,true,false,Report/run/source artifact only; exclude from code ablation unless data path is runtime-loaded.
bf99691,Backup live 8000 before Phase 24S CBY cutover,Phase 24S,reports/benchmark/phase_24S_B_pre_cutover_live_backup.json; reports/benchmark/phase_24S_B_pre_cutover_live_backup.md; reports/benchmark/phase_24S_B_rollback_plan.md,benchmark_artifact,false,false,false,false,false,false,true,false,Report/run/source artifact only; exclude from code ablation unless data path is runtime-loaded.
af4b869,Execute Phase 24S controlled CBY benchmark cutover,Phase 24S,reports/benchmark/phase_24S_C_cutover_execution_log.md; reports/benchmark/phase_24S_C_post_cutover_runtime_provenance.json,benchmark_artifact,false,false,false,false,false,false,true,false,Report/run/source artifact only; exclude from code ablation unless data path is runtime-loaded.
fe10184,Run Phase 24S post-cutover targeted smoke,Phase 24S,reports/benchmark/phase_24S_D_post_cutover_targeted_smoke.md,docs_only,false,false,false,false,false,false,true,false,Report/run/source artifact only; exclude from code ablation unless data path is runtime-loaded.
fbcb42d,Run Phase 24S post-cutover full benchmark,Phase 24S,reports/benchmark/phase_24S_E_delta_vs_phase23RE.md; reports/benchmark/phase_24S_E_green_lane_summary.md; reports/benchmark/phase_24S_E_post_cutover_full_summary.md,docs_only,false,false,false,false,false,false,true,false,Report/run/source artifact only; exclude from code ablation unless data path is runtime-loaded.
454603f,Rollback Phase 24S live 8000 after full gate failure,Phase 24S,reports/benchmark/phase_24S_E_post_gate_rollback_execution_log.md; reports/benchmark/phase_24S_E_post_gate_rollback_runtime_provenance.json,benchmark_artifact,false,false,false,false,false,false,true,false,Report/run/source artifact only; exclude from code ablation unless data path is runtime-loaded.
b6f23f3,Update Phase 24S residual register,Phase 24S,reports/benchmark/phase_24S_G_residual_register_update.csv; reports/benchmark/phase_24S_G_residual_register_update.md,benchmark_artifact,false,false,false,false,false,false,true,false,Report/run/source artifact only; exclude from code ablation unless data path is runtime-loaded.
07a8131,Record Phase 24S TEB-04 raw intake reminder,Phase 24S,reports/benchmark/phase_24S_H_teb04_manual_raw_intake_reminder.md,docs_only,false,false,false,false,false,false,true,false,Report/run/source artifact only; exclude from code ablation unless data path is runtime-loaded.
20526a5,Report Phase 24S controlled CBY cutover outcome,Phase 24S,reports/benchmark/phase_24S_controlled_cby_cutover_report.md,docs_only,false,false,false,false,false,false,true,false,Report/run/source artifact only; exclude from code ablation unless data path is runtime-loaded.
57d13b6,Record Phase 24S final report SHA,Phase 24S,reports/benchmark/phase_24S_controlled_cby_cutover_report.md,docs_only,false,false,false,false,false,false,true,false,Report/run/source artifact only; exclude from code ablation unless data path is runtime-loaded.
6e3a7dc,Audit Phase 24T full-run provenance diff,Phase 24T,reports/benchmark/phase_24T_A_full_run_provenance_diff.json; reports/benchmark/phase_24T_A_full_run_provenance_diff.md; reports/benchmark/phase_24T_systemic_full_run_recovery_diagnostic_brief.md,benchmark_artifact,false,false,false,false,false,false,true,false,Report/run/source artifact only; exclude from code ablation unless data path is runtime-loaded.
ab73dc6,Attribute Phase 24T full-run score delta,Phase 24T,reports/benchmark/phase_24T_B_score_delta_attribution.csv; reports/benchmark/phase_24T_B_score_delta_attribution.md,benchmark_artifact,false,false,false,false,false,false,true,false,Report/run/source artifact only; exclude from code ablation unless data path is runtime-loaded.
6b84189,Audit Phase 24T document identity regressions,Phase 24T,reports/benchmark/phase_24T_C_document_identity_regression_audit.csv; reports/benchmark/phase_24T_C_document_identity_regression_audit.md,benchmark_artifact,false,false,false,false,false,false,true,false,Report/run/source artifact only; exclude from code ablation unless data path is runtime-loaded.
392f4b1,Reproduce Phase 23R-E baseline under current code,Phase 23R-E,reports/benchmark/phase_24T_D_phase23RE_baseline_reproduction.md,docs_only,false,false,false,false,false,false,true,false,Report/run/source artifact only; exclude from code ablation unless data path is runtime-loaded.
189bcdb,Design Phase 24T systemic recovery plan,Phase 24T,reports/benchmark/phase_24T_E_recovery_design.md,docs_only,false,false,false,false,false,false,true,false,Report/run/source artifact only; exclude from code ablation unless data path is runtime-loaded.
d36aa00,Report Phase 24T systemic recovery diagnostic,Phase 24T,reports/benchmark/phase_24T_systemic_full_run_recovery_report.md,docs_only,false,false,false,false,false,false,true,false,Report/run/source artifact only; exclude from code ablation unless data path is runtime-loaded.
e803eee,Record Phase 24T final report SHA,Phase 24T,reports/benchmark/phase_24T_systemic_full_run_recovery_report.md,docs_only,false,false,false,false,false,false,true,false,Report/run/source artifact only; exclude from code ablation unless data path is runtime-loaded.
66de153,Plan Phase 24U trace-normalized matched A/B,Phase 24U,reports/benchmark/hukuk_ai_phase24U_trace_normalized_ablation_brief.md; reports/benchmark/phase_24U_A_trace_normalized_ab_plan.json; reports/benchmark/phase_24U_A_trace_normalized_ab_plan.md,benchmark_artifact,false,false,false,false,false,false,true,false,Report/run/source artifact only; exclude from code ablation unless data path is runtime-loaded.
84e9c22,Run Phase 24U BASE trace-on full benchmark,Phase 24U,reports/benchmark/phase_24U_B_base_trace_on_full_summary.md; reports/benchmark/phase_24U_B_base_trace_on_green_lane_summary.md,docs_only,false,false,false,false,false,false,true,false,Report/run/source artifact only; exclude from code ablation unless data path is runtime-loaded.
c351588,Run Phase 24U CBY trace-on full benchmark,Phase 24U,reports/benchmark/phase_24U_C_cby_trace_on_full_summary.md; reports/benchmark/phase_24U_C_cby_trace_on_green_lane_summary.md; reports/benchmark/phase_24U_C_cby_vs_base_trace_on_delta.md,docs_only,false,false,false,false,false,false,true,false,Report/run/source artifact only; exclude from code ablation unless data path is runtime-loaded.
43869fd,Run Phase 24U source supplement ablation,Phase 24U,reports/benchmark/phase_24U_D_ablation_green_lane_summary.md; reports/benchmark/phase_24U_D_ablation_vs_current_trace_on_delta.md; reports/benchmark/phase_24U_D_source_supplement_ablation_summary.md,docs_only,false,false,false,false,false,false,true,false,Report/run/source artifact only; exclude from code ablation unless data path is runtime-loaded.
b7f304f,Attribute Phase 24U source supplement drift rows,Phase 24U,reports/benchmark/phase_24U_E_drift_row_attribution.csv; reports/benchmark/phase_24U_E_drift_row_attribution.md,benchmark_artifact,false,false,false,false,false,false,true,false,Report/run/source artifact only; exclude from code ablation unless data path is runtime-loaded.
e448950,Record Phase 24U trace-normalized ablation decision,Phase 24U,reports/benchmark/phase_24U_trace_normalized_ablation_decision.md,docs_only,false,false,false,false,false,false,true,false,Report/run/source artifact only; exclude from code ablation unless data path is runtime-loaded.
d35012d,Report Phase 24U trace-normalized ablation outcome,Phase 24U,reports/benchmark/phase_24U_trace_normalized_ablation_report.md,docs_only,false,false,false,false,false,false,true,false,Report/run/source artifact only; exclude from code ablation unless data path is runtime-loaded.
21ba846,Record Phase 24U final report SHA,Phase 24U,reports/benchmark/phase_24U_trace_normalized_ablation_report.md,docs_only,false,false,false,false,false,false,true,false,Report/run/source artifact only; exclude from code ablation unless data path is runtime-loaded.
