qid,collection,runtime_label,candidate_rank,candidate_source_key,candidate_row_id,candidate_source_family,candidate_title,candidate_article,candidate_score_dense,candidate_score_sparse,candidate_score_rerank,candidate_is_phase24j_new_span,selected_by_selector,in_final_evidence_bundle,why_selected_or_rejected,runtime_result,runtime_score_0_10_proxy,runtime_selected_main_span,runtime_selected_source_key,runtime_claimed_source_identifier,runtime_answer_mode,runtime_rerank_list_count,runtime_assembled_evidence_count,runtime_pre_filter_family_set,runtime_reranked_family_set,runtime_metadata_lookup_source,runtime_selector_reason
MULGA-01,mevzuat_faz1_shadow_20260418_compat1024_p0_backfill,BASE,1,phase22f:yonetmelik:16532:m17:f0:from2012-08-18:to2023-03-11,phase22f:yonetmelik:16532:m17:f0:from2012-08-18:to2023-03-11::row:delta,yonetmelik,2012 Yükseköğretim Kurumları Öğrenci Disiplin Yönetmeliği,17,0.881513,,,False,False,False,direct_candidate_not_selected,PASS,8.37,YOK_DISIPLIN_2012 m.22/f.0,fam=yonetmelik|id=16532|title=fba1791a90f6|start=2012-08-18|state=repealed|article=22|clause=0,2547 m.54,repealed_transition_answer,22,22,yonetmelik | uy,yonetmelik | uy,,selected_source_lock
MULGA-01,mevzuat_faz1_shadow_20260418_compat1024_p0_backfill,BASE,2,phase22f:yonetmelik:16532:m10:f0:from2012-08-18:to2023-03-11,phase22f:yonetmelik:16532:m10:f0:from2012-08-18:to2023-03-11::row:delta,yonetmelik,2012 Yükseköğretim Kurumları Öğrenci Disiplin Yönetmeliği,10,0.881438,,,False,True,True,selected_by_runtime_selector,PASS,8.37,YOK_DISIPLIN_2012 m.22/f.0,fam=yonetmelik|id=16532|title=fba1791a90f6|start=2012-08-18|state=repealed|article=22|clause=0,2547 m.54,repealed_transition_answer,22,22,yonetmelik | uy,yonetmelik | uy,,selected_source_lock
MULGA-01,mevzuat_faz1_shadow_20260418_compat1024_p0_backfill,BASE,3,13162:13162:m33:f0:from2009-06-26:to9999-12-31,13162:13162:m33:f0:from2009-06-26:to9999-12-31::row:100185,uy,13162,33,0.878328,,,False,False,False,direct_candidate_not_selected,PASS,8.37,YOK_DISIPLIN_2012 m.22/f.0,fam=yonetmelik|id=16532|title=fba1791a90f6|start=2012-08-18|state=repealed|article=22|clause=0,2547 m.54,repealed_transition_answer,22,22,yonetmelik | uy,yonetmelik | uy,,selected_source_lock
MULGA-01,mevzuat_faz1_shadow_20260418_compat1024_p0_backfill,BASE,4,7885:7885:m29:f0:from1989-01-28:to9999-12-31,7885:7885:m29:f0:from1989-01-28:to9999-12-31::row:228533,uy,7885,29,0.876192,,,False,False,False,direct_candidate_not_selected,PASS,8.37,YOK_DISIPLIN_2012 m.22/f.0,fam=yonetmelik|id=16532|title=fba1791a90f6|start=2012-08-18|state=repealed|article=22|clause=0,2547 m.54,repealed_transition_answer,22,22,yonetmelik | uy,yonetmelik | uy,,selected_source_lock
MULGA-01,mevzuat_faz1_shadow_20260418_compat1024_p0_backfill,BASE,5,39839:39839:m40:f0:from2022-11-20:to9999-12-31,39839:39839:m40:f0:from2022-11-20:to9999-12-31::row:272051,uy,39839,40,0.875516,,,False,False,False,direct_candidate_not_selected,PASS,8.37,YOK_DISIPLIN_2012 m.22/f.0,fam=yonetmelik|id=16532|title=fba1791a90f6|start=2012-08-18|state=repealed|article=22|clause=0,2547 m.54,repealed_transition_answer,22,22,yonetmelik | uy,yonetmelik | uy,,selected_source_lock
MULGA-01,mevzuat_faz1_shadow_20260418_compat1024_p0_backfill,BASE,6,phase22f:yonetmelik:16532:m25:f0:from2012-08-18:to2023-03-11,phase22f:yonetmelik:16532:m25:f0:from2012-08-18:to2023-03-11::row:delta,yonetmelik,2012 Yükseköğretim Kurumları Öğrenci Disiplin Yönetmeliği,25,0.875348,,,False,False,False,direct_candidate_not_selected,PASS,8.37,YOK_DISIPLIN_2012 m.22/f.0,fam=yonetmelik|id=16532|title=fba1791a90f6|start=2012-08-18|state=repealed|article=22|clause=0,2547 m.54,repealed_transition_answer,22,22,yonetmelik | uy,yonetmelik | uy,,selected_source_lock
MULGA-01,mevzuat_faz1_shadow_20260418_compat1024_p0_backfill,BASE,7,38575:38575:m32:f0:from1900-01-01:to9999-12-31,38575:38575:m32:f0:from1900-01-01:to9999-12-31::row:164032,uy,38575,32,0.875203,,,False,False,False,direct_candidate_not_selected,PASS,8.37,YOK_DISIPLIN_2012 m.22/f.0,fam=yonetmelik|id=16532|title=fba1791a90f6|start=2012-08-18|state=repealed|article=22|clause=0,2547 m.54,repealed_transition_answer,22,22,yonetmelik | uy,yonetmelik | uy,,selected_source_lock
MULGA-01,mevzuat_faz1_shadow_20260418_compat1024_p0_backfill,BASE,8,phase22f:yonetmelik:16532:m11:f0:from2012-08-18:to2023-03-11,phase22f:yonetmelik:16532:m11:f0:from2012-08-18:to2023-03-11::row:delta,yonetmelik,2012 Yükseköğretim Kurumları Öğrenci Disiplin Yönetmeliği,11,0.875037,,,False,True,True,selected_by_runtime_selector,PASS,8.37,YOK_DISIPLIN_2012 m.22/f.0,fam=yonetmelik|id=16532|title=fba1791a90f6|start=2012-08-18|state=repealed|article=22|clause=0,2547 m.54,repealed_transition_answer,22,22,yonetmelik | uy,yonetmelik | uy,,selected_source_lock
MULGA-01,mevzuat_faz1_shadow_20260418_compat1024_p0_backfill,BASE,9,39853:39853:m41:f0:from2022-11-27:to9999-12-31,39853:39853:m41:f0:from2022-11-27:to9999-12-31::row:163720,uy,39853,41,0.874770,,,False,False,False,direct_candidate_not_selected,PASS,8.37,YOK_DISIPLIN_2012 m.22/f.0,fam=yonetmelik|id=16532|title=fba1791a90f6|start=2012-08-18|state=repealed|article=22|clause=0,2547 m.54,repealed_transition_answer,22,22,yonetmelik | uy,yonetmelik | uy,,selected_source_lock
MULGA-01,mevzuat_faz1_shadow_20260418_compat1024_p0_backfill,BASE,10,34934:34934:m29:f0:from2020-10-19:to9999-12-31,34934:34934:m29:f0:from2020-10-19:to9999-12-31::row:344481,uy,34934,29,0.874646,,,False,False,False,direct_candidate_not_selected,PASS,8.37,YOK_DISIPLIN_2012 m.22/f.0,fam=yonetmelik|id=16532|title=fba1791a90f6|start=2012-08-18|state=repealed|article=22|clause=0,2547 m.54,repealed_transition_answer,22,22,yonetmelik | uy,yonetmelik | uy,,selected_source_lock
MULGA-01,mevzuat_faz1_shadow_20260418_compat1024_p0_backfill,BASE,11,22912:22912:m21:f0:from2016-10-06:to9999-12-31,22912:22912:m21:f0:from2016-10-06:to9999-12-31::row:94384,kky,22912,21,0.874362,,,False,False,False,direct_candidate_not_selected,PASS,8.37,YOK_DISIPLIN_2012 m.22/f.0,fam=yonetmelik|id=16532|title=fba1791a90f6|start=2012-08-18|state=repealed|article=22|clause=0,2547 m.54,repealed_transition_answer,22,22,yonetmelik | uy,yonetmelik | uy,,selected_source_lock
MULGA-01,mevzuat_faz1_shadow_20260418_compat1024_p0_backfill,BASE,12,39502:39502:m27:f0:from2022-04-30:to9999-12-31,39502:39502:m27:f0:from2022-04-30:to9999-12-31::row:190803,uy,39502,27,0.874101,,,False,False,False,direct_candidate_not_selected,PASS,8.37,YOK_DISIPLIN_2012 m.22/f.0,fam=yonetmelik|id=16532|title=fba1791a90f6|start=2012-08-18|state=repealed|article=22|clause=0,2547 m.54,repealed_transition_answer,22,22,yonetmelik | uy,yonetmelik | uy,,selected_source_lock
MULGA-01,mevzuat_faz1_shadow_20260418_compat1024_p0_backfill,BASE,13,38825:38825:m33:f0:from2021-08-03:to9999-12-31,38825:38825:m33:f0:from2021-08-03:to9999-12-31::row:111212,uy,38825,33,0.873945,,,False,False,False,direct_candidate_not_selected,PASS,8.37,YOK_DISIPLIN_2012 m.22/f.0,fam=yonetmelik|id=16532|title=fba1791a90f6|start=2012-08-18|state=repealed|article=22|clause=0,2547 m.54,repealed_transition_answer,22,22,yonetmelik | uy,yonetmelik | uy,,selected_source_lock
MULGA-01,mevzuat_faz1_shadow_20260418_compat1024_p0_backfill,BASE,14,15149:15149:m30:f0:from2011-07-28:to9999-12-31,15149:15149:m30:f0:from2011-07-28:to9999-12-31::row:203223,uy,15149,30,0.873856,,,False,False,False,direct_candidate_not_selected,PASS,8.37,YOK_DISIPLIN_2012 m.22/f.0,fam=yonetmelik|id=16532|title=fba1791a90f6|start=2012-08-18|state=repealed|article=22|clause=0,2547 m.54,repealed_transition_answer,22,22,yonetmelik | uy,yonetmelik | uy,,selected_source_lock
MULGA-01,mevzuat_faz1_shadow_20260418_compat1024_p0_backfill,BASE,15,39072:39072:m34:f0:from2021-11-29:to9999-12-31,39072:39072:m34:f0:from2021-11-29:to9999-12-31::row:217009,uy,39072,34,0.873515,,,False,False,False,direct_candidate_not_selected,PASS,8.37,YOK_DISIPLIN_2012 m.22/f.0,fam=yonetmelik|id=16532|title=fba1791a90f6|start=2012-08-18|state=repealed|article=22|clause=0,2547 m.54,repealed_transition_answer,22,22,yonetmelik | uy,yonetmelik | uy,,selected_source_lock
MULGA-01,mevzuat_faz1_shadow_20260418_compat1024_p0_backfill,BASE,16,38994:38994:m34:f0:from2021-10-10:to9999-12-31,38994:38994:m34:f0:from2021-10-10:to9999-12-31::row:99195,uy,38994,34,0.873508,,,False,False,False,direct_candidate_not_selected,PASS,8.37,YOK_DISIPLIN_2012 m.22/f.0,fam=yonetmelik|id=16532|title=fba1791a90f6|start=2012-08-18|state=repealed|article=22|clause=0,2547 m.54,repealed_transition_answer,22,22,yonetmelik | uy,yonetmelik | uy,,selected_source_lock
MULGA-01,mevzuat_faz1_shadow_20260418_compat1024_p0_backfill,BASE,17,36220:36220:m39:f0:from2021-01-10:to9999-12-31,36220:36220:m39:f0:from2021-01-10:to9999-12-31::row:255577,uy,36220,39,0.873501,,,False,False,False,direct_candidate_not_selected,PASS,8.37,YOK_DISIPLIN_2012 m.22/f.0,fam=yonetmelik|id=16532|title=fba1791a90f6|start=2012-08-18|state=repealed|article=22|clause=0,2547 m.54,repealed_transition_answer,22,22,yonetmelik | uy,yonetmelik | uy,,selected_source_lock
MULGA-01,mevzuat_faz1_shadow_20260418_compat1024_p0_backfill,BASE,18,4555:4555:m22:f0:from2001-01-18:to9999-12-31,4555:4555:m22:f0:from2001-01-18:to9999-12-31::row:121159,kky,4555,22,0.872932,,,False,False,False,direct_candidate_not_selected,PASS,8.37,YOK_DISIPLIN_2012 m.22/f.0,fam=yonetmelik|id=16532|title=fba1791a90f6|start=2012-08-18|state=repealed|article=22|clause=0,2547 m.54,repealed_transition_answer,22,22,yonetmelik | uy,yonetmelik | uy,,selected_source_lock
MULGA-01,mevzuat_faz1_shadow_20260418_compat1024_p0_backfill,BASE,19,14129:14129:m31:f0:from2010-07-23:to9999-12-31,14129:14129:m31:f0:from2010-07-23:to9999-12-31::row:100359,uy,14129,31,0.872873,,,False,False,False,direct_candidate_not_selected,PASS,8.37,YOK_DISIPLIN_2012 m.22/f.0,fam=yonetmelik|id=16532|title=fba1791a90f6|start=2012-08-18|state=repealed|article=22|clause=0,2547 m.54,repealed_transition_answer,22,22,yonetmelik | uy,yonetmelik | uy,,selected_source_lock
MULGA-01,mevzuat_faz1_shadow_20260418_compat1024_p0_backfill,BASE,20,39011:39011:m27:f0:from2021-10-24:to9999-12-31,39011:39011:m27:f0:from2021-10-24:to9999-12-31::row:270986,uy,39011,27,0.872734,,,False,False,False,direct_candidate_not_selected,PASS,8.37,YOK_DISIPLIN_2012 m.22/f.0,fam=yonetmelik|id=16532|title=fba1791a90f6|start=2012-08-18|state=repealed|article=22|clause=0,2547 m.54,repealed_transition_answer,22,22,yonetmelik | uy,yonetmelik | uy,,selected_source_lock
MULGA-01,mevzuat_faz1_shadow_20260418_compat1024_p0_backfill,BASE,21,29018:29018:m27:f0:from2018-11-30:to9999-12-31,29018:29018:m27:f0:from2018-11-30:to9999-12-31::row:230372,uy,29018,27,0.872078,,,False,False,False,direct_candidate_not_selected,PASS,8.37,YOK_DISIPLIN_2012 m.22/f.0,fam=yonetmelik|id=16532|title=fba1791a90f6|start=2012-08-18|state=repealed|article=22|clause=0,2547 m.54,repealed_transition_answer,22,22,yonetmelik | uy,yonetmelik | uy,,selected_source_lock
MULGA-01,mevzuat_faz1_shadow_20260418_compat1024_p0_backfill,BASE,22,28925:28925:m33:f0:from2018-11-05:to9999-12-31,28925:28925:m33:f0:from2018-11-05:to9999-12-31::row:147907,uy,28925,33,0.872060,,,False,False,False,direct_candidate_not_selected,PASS,8.37,YOK_DISIPLIN_2012 m.22/f.0,fam=yonetmelik|id=16532|title=fba1791a90f6|start=2012-08-18|state=repealed|article=22|clause=0,2547 m.54,repealed_transition_answer,22,22,yonetmelik | uy,yonetmelik | uy,,selected_source_lock
MULGA-01,mevzuat_faz1_shadow_20260418_compat1024_p0_backfill,BASE,23,phase22f:yonetmelik:16532:m32:f0:from2012-08-18:to2023-03-11,phase22f:yonetmelik:16532:m32:f0:from2012-08-18:to2023-03-11::row:delta,yonetmelik,2012 Yükseköğretim Kurumları Öğrenci Disiplin Yönetmeliği,32,0.871960,,,False,False,False,direct_candidate_not_selected,PASS,8.37,YOK_DISIPLIN_2012 m.22/f.0,fam=yonetmelik|id=16532|title=fba1791a90f6|start=2012-08-18|state=repealed|article=22|clause=0,2547 m.54,repealed_transition_answer,22,22,yonetmelik | uy,yonetmelik | uy,,selected_source_lock
MULGA-01,mevzuat_faz1_shadow_20260418_compat1024_p0_backfill,BASE,24,21526:21526:m34:f0:from2016-05-05:to9999-12-31,21526:21526:m34:f0:from2016-05-05:to9999-12-31::row:182032,uy,21526,34,0.871951,,,False,False,False,direct_candidate_not_selected,PASS,8.37,YOK_DISIPLIN_2012 m.22/f.0,fam=yonetmelik|id=16532|title=fba1791a90f6|start=2012-08-18|state=repealed|article=22|clause=0,2547 m.54,repealed_transition_answer,22,22,yonetmelik | uy,yonetmelik | uy,,selected_source_lock
MULGA-01,mevzuat_faz1_shadow_20260418_compat1024_p0_backfill_phase24j,TARGET,1,phase22f:yonetmelik:16532:m17:f0:from2012-08-18:to2023-03-11,phase22f:yonetmelik:16532:m17:f0:from2012-08-18:to2023-03-11::row:delta,yonetmelik,2012 Yükseköğretim Kurumları Öğrenci Disiplin Yönetmeliği,17,0.881513,,,False,False,False,direct_candidate_present_but_runtime_evidence_empty,FAIL,3.25,,,unknown,repealed_transition_answer,0,0,,,,
MULGA-01,mevzuat_faz1_shadow_20260418_compat1024_p0_backfill_phase24j,TARGET,2,phase22f:yonetmelik:16532:m10:f0:from2012-08-18:to2023-03-11,phase22f:yonetmelik:16532:m10:f0:from2012-08-18:to2023-03-11::row:delta,yonetmelik,2012 Yükseköğretim Kurumları Öğrenci Disiplin Yönetmeliği,10,0.881438,,,False,False,False,direct_candidate_present_but_runtime_evidence_empty,FAIL,3.25,,,unknown,repealed_transition_answer,0,0,,,,
MULGA-01,mevzuat_faz1_shadow_20260418_compat1024_p0_backfill_phase24j,TARGET,3,13162:13162:m33:f0:from2009-06-26:to9999-12-31,13162:13162:m33:f0:from2009-06-26:to9999-12-31::row:100185,uy,13162,33,0.878328,,,False,False,False,direct_candidate_present_but_runtime_evidence_empty,FAIL,3.25,,,unknown,repealed_transition_answer,0,0,,,,
MULGA-01,mevzuat_faz1_shadow_20260418_compat1024_p0_backfill_phase24j,TARGET,4,7885:7885:m29:f0:from1989-01-28:to9999-12-31,7885:7885:m29:f0:from1989-01-28:to9999-12-31::row:228533,uy,7885,29,0.876192,,,False,False,False,direct_candidate_present_but_runtime_evidence_empty,FAIL,3.25,,,unknown,repealed_transition_answer,0,0,,,,
MULGA-01,mevzuat_faz1_shadow_20260418_compat1024_p0_backfill_phase24j,TARGET,5,39839:39839:m40:f0:from2022-11-20:to9999-12-31,39839:39839:m40:f0:from2022-11-20:to9999-12-31::row:272051,uy,39839,40,0.875516,,,False,False,False,direct_candidate_present_but_runtime_evidence_empty,FAIL,3.25,,,unknown,repealed_transition_answer,0,0,,,,
MULGA-01,mevzuat_faz1_shadow_20260418_compat1024_p0_backfill_phase24j,TARGET,6,phase22f:yonetmelik:16532:m25:f0:from2012-08-18:to2023-03-11,phase22f:yonetmelik:16532:m25:f0:from2012-08-18:to2023-03-11::row:delta,yonetmelik,2012 Yükseköğretim Kurumları Öğrenci Disiplin Yönetmeliği,25,0.875348,,,False,False,False,direct_candidate_present_but_runtime_evidence_empty,FAIL,3.25,,,unknown,repealed_transition_answer,0,0,,,,
MULGA-01,mevzuat_faz1_shadow_20260418_compat1024_p0_backfill_phase24j,TARGET,7,38575:38575:m32:f0:from1900-01-01:to9999-12-31,38575:38575:m32:f0:from1900-01-01:to9999-12-31::row:164032,uy,38575,32,0.875203,,,False,False,False,direct_candidate_present_but_runtime_evidence_empty,FAIL,3.25,,,unknown,repealed_transition_answer,0,0,,,,
MULGA-01,mevzuat_faz1_shadow_20260418_compat1024_p0_backfill_phase24j,TARGET,8,phase22f:yonetmelik:16532:m11:f0:from2012-08-18:to2023-03-11,phase22f:yonetmelik:16532:m11:f0:from2012-08-18:to2023-03-11::row:delta,yonetmelik,2012 Yükseköğretim Kurumları Öğrenci Disiplin Yönetmeliği,11,0.875037,,,False,False,False,direct_candidate_present_but_runtime_evidence_empty,FAIL,3.25,,,unknown,repealed_transition_answer,0,0,,,,
MULGA-01,mevzuat_faz1_shadow_20260418_compat1024_p0_backfill_phase24j,TARGET,9,39853:39853:m41:f0:from2022-11-27:to9999-12-31,39853:39853:m41:f0:from2022-11-27:to9999-12-31::row:163720,uy,39853,41,0.874770,,,False,False,False,direct_candidate_present_but_runtime_evidence_empty,FAIL,3.25,,,unknown,repealed_transition_answer,0,0,,,,
MULGA-01,mevzuat_faz1_shadow_20260418_compat1024_p0_backfill_phase24j,TARGET,10,34934:34934:m29:f0:from2020-10-19:to9999-12-31,34934:34934:m29:f0:from2020-10-19:to9999-12-31::row:344481,uy,34934,29,0.874646,,,False,False,False,direct_candidate_present_but_runtime_evidence_empty,FAIL,3.25,,,unknown,repealed_transition_answer,0,0,,,,
MULGA-01,mevzuat_faz1_shadow_20260418_compat1024_p0_backfill_phase24j,TARGET,11,22912:22912:m21:f0:from2016-10-06:to9999-12-31,22912:22912:m21:f0:from2016-10-06:to9999-12-31::row:94384,kky,22912,21,0.874362,,,False,False,False,direct_candidate_present_but_runtime_evidence_empty,FAIL,3.25,,,unknown,repealed_transition_answer,0,0,,,,
MULGA-01,mevzuat_faz1_shadow_20260418_compat1024_p0_backfill_phase24j,TARGET,12,39502:39502:m27:f0:from2022-04-30:to9999-12-31,39502:39502:m27:f0:from2022-04-30:to9999-12-31::row:190803,uy,39502,27,0.874101,,,False,False,False,direct_candidate_present_but_runtime_evidence_empty,FAIL,3.25,,,unknown,repealed_transition_answer,0,0,,,,
MULGA-01,mevzuat_faz1_shadow_20260418_compat1024_p0_backfill_phase24j,TARGET,13,38825:38825:m33:f0:from2021-08-03:to9999-12-31,38825:38825:m33:f0:from2021-08-03:to9999-12-31::row:111212,uy,38825,33,0.873945,,,False,False,False,direct_candidate_present_but_runtime_evidence_empty,FAIL,3.25,,,unknown,repealed_transition_answer,0,0,,,,
MULGA-01,mevzuat_faz1_shadow_20260418_compat1024_p0_backfill_phase24j,TARGET,14,15149:15149:m30:f0:from2011-07-28:to9999-12-31,15149:15149:m30:f0:from2011-07-28:to9999-12-31::row:203223,uy,15149,30,0.873856,,,False,False,False,direct_candidate_present_but_runtime_evidence_empty,FAIL,3.25,,,unknown,repealed_transition_answer,0,0,,,,
MULGA-01,mevzuat_faz1_shadow_20260418_compat1024_p0_backfill_phase24j,TARGET,15,39072:39072:m34:f0:from2021-11-29:to9999-12-31,39072:39072:m34:f0:from2021-11-29:to9999-12-31::row:217009,uy,39072,34,0.873515,,,False,False,False,direct_candidate_present_but_runtime_evidence_empty,FAIL,3.25,,,unknown,repealed_transition_answer,0,0,,,,
MULGA-01,mevzuat_faz1_shadow_20260418_compat1024_p0_backfill_phase24j,TARGET,16,38994:38994:m34:f0:from2021-10-10:to9999-12-31,38994:38994:m34:f0:from2021-10-10:to9999-12-31::row:99195,uy,38994,34,0.873508,,,False,False,False,direct_candidate_present_but_runtime_evidence_empty,FAIL,3.25,,,unknown,repealed_transition_answer,0,0,,,,
MULGA-01,mevzuat_faz1_shadow_20260418_compat1024_p0_backfill_phase24j,TARGET,17,36220:36220:m39:f0:from2021-01-10:to9999-12-31,36220:36220:m39:f0:from2021-01-10:to9999-12-31::row:255577,uy,36220,39,0.873501,,,False,False,False,direct_candidate_present_but_runtime_evidence_empty,FAIL,3.25,,,unknown,repealed_transition_answer,0,0,,,,
MULGA-01,mevzuat_faz1_shadow_20260418_compat1024_p0_backfill_phase24j,TARGET,18,4555:4555:m22:f0:from2001-01-18:to9999-12-31,4555:4555:m22:f0:from2001-01-18:to9999-12-31::row:121159,kky,4555,22,0.872932,,,False,False,False,direct_candidate_present_but_runtime_evidence_empty,FAIL,3.25,,,unknown,repealed_transition_answer,0,0,,,,
MULGA-01,mevzuat_faz1_shadow_20260418_compat1024_p0_backfill_phase24j,TARGET,19,14129:14129:m31:f0:from2010-07-23:to9999-12-31,14129:14129:m31:f0:from2010-07-23:to9999-12-31::row:100359,uy,14129,31,0.872873,,,False,False,False,direct_candidate_present_but_runtime_evidence_empty,FAIL,3.25,,,unknown,repealed_transition_answer,0,0,,,,
MULGA-01,mevzuat_faz1_shadow_20260418_compat1024_p0_backfill_phase24j,TARGET,20,39011:39011:m27:f0:from2021-10-24:to9999-12-31,39011:39011:m27:f0:from2021-10-24:to9999-12-31::row:270986,uy,39011,27,0.872734,,,False,False,False,direct_candidate_present_but_runtime_evidence_empty,FAIL,3.25,,,unknown,repealed_transition_answer,0,0,,,,
MULGA-01,mevzuat_faz1_shadow_20260418_compat1024_p0_backfill_phase24j,TARGET,21,29018:29018:m27:f0:from2018-11-30:to9999-12-31,29018:29018:m27:f0:from2018-11-30:to9999-12-31::row:230372,uy,29018,27,0.872078,,,False,False,False,direct_candidate_present_but_runtime_evidence_empty,FAIL,3.25,,,unknown,repealed_transition_answer,0,0,,,,
MULGA-01,mevzuat_faz1_shadow_20260418_compat1024_p0_backfill_phase24j,TARGET,22,28925:28925:m33:f0:from2018-11-05:to9999-12-31,28925:28925:m33:f0:from2018-11-05:to9999-12-31::row:147907,uy,28925,33,0.872060,,,False,False,False,direct_candidate_present_but_runtime_evidence_empty,FAIL,3.25,,,unknown,repealed_transition_answer,0,0,,,,
MULGA-01,mevzuat_faz1_shadow_20260418_compat1024_p0_backfill_phase24j,TARGET,23,phase22f:yonetmelik:16532:m32:f0:from2012-08-18:to2023-03-11,phase22f:yonetmelik:16532:m32:f0:from2012-08-18:to2023-03-11::row:delta,yonetmelik,2012 Yükseköğretim Kurumları Öğrenci Disiplin Yönetmeliği,32,0.871960,,,False,False,False,direct_candidate_present_but_runtime_evidence_empty,FAIL,3.25,,,unknown,repealed_transition_answer,0,0,,,,
MULGA-01,mevzuat_faz1_shadow_20260418_compat1024_p0_backfill_phase24j,TARGET,24,21526:21526:m34:f0:from2016-05-05:to9999-12-31,21526:21526:m34:f0:from2016-05-05:to9999-12-31::row:182032,uy,21526,34,0.871951,,,False,False,False,direct_candidate_present_but_runtime_evidence_empty,FAIL,3.25,,,unknown,repealed_transition_answer,0,0,,,,
MULGA-05,mevzuat_faz1_shadow_20260418_compat1024_p0_backfill,BASE,1,20557:20557:m62:f0:from2015-02-26:to9999-12-31,20557:20557:m62:f0:from2015-02-26:to9999-12-31::row:85484,uy,20557,62,0.860619,,,False,False,False,direct_candidate_not_selected,PASS,7.10,6570 m.GEC1/f.0,fam=mulga_kanun|id=6570|title=751be76b867f|start=1955-05-27|state=repealed|article=gec1|clause=0,6570 m.gec1,repealed_transition_answer,18,18,kanun | yonetmelik | teblig | khk | cb_karar | mulga_kanun,mulga_kanun,title_ngram_family_lookup,legacy_scope_state_binding
MULGA-05,mevzuat_faz1_shadow_20260418_compat1024_p0_backfill,BASE,2,2082:2082:m6:f0:from1977-03-24:to9999-12-31,2082:2082:m6:f0:from1977-03-24:to9999-12-31::row:30182,kanun,2082,6,0.860495,,,False,False,False,direct_candidate_not_selected,PASS,7.10,6570 m.GEC1/f.0,fam=mulga_kanun|id=6570|title=751be76b867f|start=1955-05-27|state=repealed|article=gec1|clause=0,6570 m.gec1,repealed_transition_answer,18,18,kanun | yonetmelik | teblig | khk | cb_karar | mulga_kanun,mulga_kanun,title_ngram_family_lookup,legacy_scope_state_binding
MULGA-05,mevzuat_faz1_shadow_20260418_compat1024_p0_backfill,BASE,3,18852:18852:m25:f0:from2013-09-17:to9999-12-31,18852:18852:m25:f0:from2013-09-17:to9999-12-31::row:302420,teblig,18852,25,0.856440,,,False,False,False,direct_candidate_not_selected,PASS,7.10,6570 m.GEC1/f.0,fam=mulga_kanun|id=6570|title=751be76b867f|start=1955-05-27|state=repealed|article=gec1|clause=0,6570 m.gec1,repealed_transition_answer,18,18,kanun | yonetmelik | teblig | khk | cb_karar | mulga_kanun,mulga_kanun,title_ngram_family_lookup,legacy_scope_state_binding
MULGA-05,mevzuat_faz1_shadow_20260418_compat1024_p0_backfill,BASE,4,20774:20774:m25:f0:from2015-05-23:to9999-12-31,20774:20774:m25:f0:from2015-05-23:to9999-12-31::row:99083,teblig,20774,25,0.855631,,,False,False,False,direct_candidate_not_selected,PASS,7.10,6570 m.GEC1/f.0,fam=mulga_kanun|id=6570|title=751be76b867f|start=1955-05-27|state=repealed|article=gec1|clause=0,6570 m.gec1,repealed_transition_answer,18,18,kanun | yonetmelik | teblig | khk | cb_karar | mulga_kanun,mulga_kanun,title_ngram_family_lookup,legacy_scope_state_binding
MULGA-05,mevzuat_faz1_shadow_20260418_compat1024_p0_backfill,BASE,5,6969:6969:m24:f0:from1900-01-01:to9999-12-31,6969:6969:m24:f0:from1900-01-01:to9999-12-31::row:75676,kky,6969,24,0.855468,,,False,False,False,direct_candidate_not_selected,PASS,7.10,6570 m.GEC1/f.0,fam=mulga_kanun|id=6570|title=751be76b867f|start=1955-05-27|state=repealed|article=gec1|clause=0,6570 m.gec1,repealed_transition_answer,18,18,kanun | yonetmelik | teblig | khk | cb_karar | mulga_kanun,mulga_kanun,title_ngram_family_lookup,legacy_scope_state_binding
MULGA-05,mevzuat_faz1_shadow_20260418_compat1024_p0_backfill,BASE,6,8769:8769:m24:f0:from2004-06-02:to9999-12-31,8769:8769:m24:f0:from2004-06-02:to9999-12-31::row:309527,teblig,8769,24,0.854578,,,False,False,False,direct_candidate_not_selected,PASS,7.10,6570 m.GEC1/f.0,fam=mulga_kanun|id=6570|title=751be76b867f|start=1955-05-27|state=repealed|article=gec1|clause=0,6570 m.gec1,repealed_transition_answer,18,18,kanun | yonetmelik | teblig | khk | cb_karar | mulga_kanun,mulga_kanun,title_ngram_family_lookup,legacy_scope_state_binding
MULGA-05,mevzuat_faz1_shadow_20260418_compat1024_p0_backfill,BASE,7,4728:4728:m6:f0:from1987-10-28:to9999-12-31,4728:4728:m6:f0:from1987-10-28:to9999-12-31::row:264223,kky,4728,6,0.854370,,,False,False,False,direct_candidate_not_selected,PASS,7.10,6570 m.GEC1/f.0,fam=mulga_kanun|id=6570|title=751be76b867f|start=1955-05-27|state=repealed|article=gec1|clause=0,6570 m.gec1,repealed_transition_answer,18,18,kanun | yonetmelik | teblig | khk | cb_karar | mulga_kanun,mulga_kanun,title_ngram_family_lookup,legacy_scope_state_binding
MULGA-05,mevzuat_faz1_shadow_20260418_compat1024_p0_backfill,BASE,8,68890:68890:m26:f0:from1967-11-06:to9999-12-31,68890:68890:m26:f0:from1967-11-06:to9999-12-31::row:14870,yonetmelik,68890,26,0.854061,,,False,False,False,direct_candidate_not_selected,PASS,7.10,6570 m.GEC1/f.0,fam=mulga_kanun|id=6570|title=751be76b867f|start=1955-05-27|state=repealed|article=gec1|clause=0,6570 m.gec1,repealed_transition_answer,18,18,kanun | yonetmelik | teblig | khk | cb_karar | mulga_kanun,mulga_kanun,title_ngram_family_lookup,legacy_scope_state_binding
MULGA-05,mevzuat_faz1_shadow_20260418_compat1024_p0_backfill,BASE,9,6570:6570:m11:f0:from1955-05-27:to1900-01-01,6570:6570:m11:f0:from1955-05-27:to1900-01-01::row:32491,mulga_kanun,6570,11,0.852345,,,False,False,False,direct_candidate_not_selected,PASS,7.10,6570 m.GEC1/f.0,fam=mulga_kanun|id=6570|title=751be76b867f|start=1955-05-27|state=repealed|article=gec1|clause=0,6570 m.gec1,repealed_transition_answer,18,18,kanun | yonetmelik | teblig | khk | cb_karar | mulga_kanun,mulga_kanun,title_ngram_family_lookup,legacy_scope_state_binding
MULGA-05,mevzuat_faz1_shadow_20260418_compat1024_p0_backfill,BASE,10,4676:4676:m16:f0:from1981-08-21:to9999-12-31,4676:4676:m16:f0:from1981-08-21:to9999-12-31::row:334433,kky,4676,16,0.851646,,,False,False,False,direct_candidate_not_selected,PASS,7.10,6570 m.GEC1/f.0,fam=mulga_kanun|id=6570|title=751be76b867f|start=1955-05-27|state=repealed|article=gec1|clause=0,6570 m.gec1,repealed_transition_answer,18,18,kanun | yonetmelik | teblig | khk | cb_karar | mulga_kanun,mulga_kanun,title_ngram_family_lookup,legacy_scope_state_binding
MULGA-05,mevzuat_faz1_shadow_20260418_compat1024_p0_backfill,BASE,11,6570:6570:m6:f0:from1955-05-27:to1900-01-01,6570:6570:m6:f0:from1955-05-27:to1900-01-01::row:32498,mulga_kanun,6570,6,0.851593,,,False,False,False,direct_candidate_not_selected,PASS,7.10,6570 m.GEC1/f.0,fam=mulga_kanun|id=6570|title=751be76b867f|start=1955-05-27|state=repealed|article=gec1|clause=0,6570 m.gec1,repealed_transition_answer,18,18,kanun | yonetmelik | teblig | khk | cb_karar | mulga_kanun,mulga_kanun,title_ngram_family_lookup,legacy_scope_state_binding
MULGA-05,mevzuat_faz1_shadow_20260418_compat1024_p0_backfill,BASE,12,269:269:m4:f0:from1987-02-02:to9999-12-31,269:269:m4:f0:from1987-02-02:to9999-12-31::row:15421,khk,269,4,0.850713,,,False,False,False,direct_candidate_not_selected,PASS,7.10,6570 m.GEC1/f.0,fam=mulga_kanun|id=6570|title=751be76b867f|start=1955-05-27|state=repealed|article=gec1|clause=0,6570 m.gec1,repealed_transition_answer,18,18,kanun | yonetmelik | teblig | khk | cb_karar | mulga_kanun,mulga_kanun,title_ngram_family_lookup,legacy_scope_state_binding
MULGA-05,mevzuat_faz1_shadow_20260418_compat1024_p0_backfill,BASE,13,269:269:m4:f0:from1987-02-02:to9999-12-31,269:269:m4:f0:from1987-02-02:to9999-12-31::row:15414,khk,269,4,0.850713,,,False,False,False,direct_candidate_not_selected,PASS,7.10,6570 m.GEC1/f.0,fam=mulga_kanun|id=6570|title=751be76b867f|start=1955-05-27|state=repealed|article=gec1|clause=0,6570 m.gec1,repealed_transition_answer,18,18,kanun | yonetmelik | teblig | khk | cb_karar | mulga_kanun,mulga_kanun,title_ngram_family_lookup,legacy_scope_state_binding
MULGA-05,mevzuat_faz1_shadow_20260418_compat1024_p0_backfill,BASE,14,14125:14125:m22:f0:from2010-07-21:to9999-12-31,14125:14125:m22:f0:from2010-07-21:to9999-12-31::row:343797,teblig,14125,22,0.850602,,,False,False,False,direct_candidate_not_selected,PASS,7.10,6570 m.GEC1/f.0,fam=mulga_kanun|id=6570|title=751be76b867f|start=1955-05-27|state=repealed|article=gec1|clause=0,6570 m.gec1,repealed_transition_answer,18,18,kanun | yonetmelik | teblig | khk | cb_karar | mulga_kanun,mulga_kanun,title_ngram_family_lookup,legacy_scope_state_binding
MULGA-05,mevzuat_faz1_shadow_20260418_compat1024_p0_backfill,BASE,15,233:233:m25:f0:from1900-01-01:to9999-12-31,233:233:m25:f0:from1900-01-01:to9999-12-31::row:41204,khk,233,25,0.850408,,,False,False,False,direct_candidate_not_selected,PASS,7.10,6570 m.GEC1/f.0,fam=mulga_kanun|id=6570|title=751be76b867f|start=1955-05-27|state=repealed|article=gec1|clause=0,6570 m.gec1,repealed_transition_answer,18,18,kanun | yonetmelik | teblig | khk | cb_karar | mulga_kanun,mulga_kanun,title_ngram_family_lookup,legacy_scope_state_binding
MULGA-05,mevzuat_faz1_shadow_20260418_compat1024_p0_backfill,BASE,16,19252:19252:m6:f0:from2014-01-10:to9999-12-31,19252:19252:m6:f0:from2014-01-10:to9999-12-31::row:82455,teblig,19252,6,0.850387,,,False,False,False,direct_candidate_not_selected,PASS,7.10,6570 m.GEC1/f.0,fam=mulga_kanun|id=6570|title=751be76b867f|start=1955-05-27|state=repealed|article=gec1|clause=0,6570 m.gec1,repealed_transition_answer,18,18,kanun | yonetmelik | teblig | khk | cb_karar | mulga_kanun,mulga_kanun,title_ngram_family_lookup,legacy_scope_state_binding
MULGA-05,mevzuat_faz1_shadow_20260418_compat1024_p0_backfill,BASE,17,5247:5247:m18:f0:from1991-06-28:to9999-12-31,5247:5247:m18:f0:from1991-06-28:to9999-12-31::row:202934,kky,5247,18,0.850301,,,False,False,False,direct_candidate_not_selected,PASS,7.10,6570 m.GEC1/f.0,fam=mulga_kanun|id=6570|title=751be76b867f|start=1955-05-27|state=repealed|article=gec1|clause=0,6570 m.gec1,repealed_transition_answer,18,18,kanun | yonetmelik | teblig | khk | cb_karar | mulga_kanun,mulga_kanun,title_ngram_family_lookup,legacy_scope_state_binding
MULGA-05,mevzuat_faz1_shadow_20260418_compat1024_p0_backfill,BASE,18,1612:1612:m2:f0:from2019-10-04:to9999-12-31,1612:1612:m2:f0:from2019-10-04:to9999-12-31::row:295532,cb_karar,1612,2,0.850069,,,False,False,False,direct_candidate_not_selected,PASS,7.10,6570 m.GEC1/f.0,fam=mulga_kanun|id=6570|title=751be76b867f|start=1955-05-27|state=repealed|article=gec1|clause=0,6570 m.gec1,repealed_transition_answer,18,18,kanun | yonetmelik | teblig | khk | cb_karar | mulga_kanun,mulga_kanun,title_ngram_family_lookup,legacy_scope_state_binding
MULGA-05,mevzuat_faz1_shadow_20260418_compat1024_p0_backfill,BASE,19,5188:5188:m25:f0:from1900-01-01:to9999-12-31,5188:5188:m25:f0:from1900-01-01:to9999-12-31::row:1428,kanun,5188,25,0.849693,,,False,False,False,direct_candidate_not_selected,PASS,7.10,6570 m.GEC1/f.0,fam=mulga_kanun|id=6570|title=751be76b867f|start=1955-05-27|state=repealed|article=gec1|clause=0,6570 m.gec1,repealed_transition_answer,18,18,kanun | yonetmelik | teblig | khk | cb_karar | mulga_kanun,mulga_kanun,title_ngram_family_lookup,legacy_scope_state_binding
MULGA-05,mevzuat_faz1_shadow_20260418_compat1024_p0_backfill,BASE,20,4676:4676:m21:f0:from1981-08-21:to9999-12-31,4676:4676:m21:f0:from1981-08-21:to9999-12-31::row:334438,kky,4676,21,0.849663,,,False,False,False,direct_candidate_not_selected,PASS,7.10,6570 m.GEC1/f.0,fam=mulga_kanun|id=6570|title=751be76b867f|start=1955-05-27|state=repealed|article=gec1|clause=0,6570 m.gec1,repealed_transition_answer,18,18,kanun | yonetmelik | teblig | khk | cb_karar | mulga_kanun,mulga_kanun,title_ngram_family_lookup,legacy_scope_state_binding
MULGA-05,mevzuat_faz1_shadow_20260418_compat1024_p0_backfill,BASE,21,6570:6570:m5:f0:from1955-05-27:to1900-01-01,6570:6570:m5:f0:from1955-05-27:to1900-01-01::row:32488,mulga_kanun,6570,5,0.849656,,,False,False,False,direct_candidate_not_selected,PASS,7.10,6570 m.GEC1/f.0,fam=mulga_kanun|id=6570|title=751be76b867f|start=1955-05-27|state=repealed|article=gec1|clause=0,6570 m.gec1,repealed_transition_answer,18,18,kanun | yonetmelik | teblig | khk | cb_karar | mulga_kanun,mulga_kanun,title_ngram_family_lookup,legacy_scope_state_binding
MULGA-05,mevzuat_faz1_shadow_20260418_compat1024_p0_backfill,BASE,22,21414:21414:m27:f0:from2016-02-12:to9999-12-31,21414:21414:m27:f0:from2016-02-12:to9999-12-31::row:214799,teblig,21414,27,0.849452,,,False,False,False,direct_candidate_not_selected,PASS,7.10,6570 m.GEC1/f.0,fam=mulga_kanun|id=6570|title=751be76b867f|start=1955-05-27|state=repealed|article=gec1|clause=0,6570 m.gec1,repealed_transition_answer,18,18,kanun | yonetmelik | teblig | khk | cb_karar | mulga_kanun,mulga_kanun,title_ngram_family_lookup,legacy_scope_state_binding
MULGA-05,mevzuat_faz1_shadow_20260418_compat1024_p0_backfill,BASE,23,5712:5712:m26:f0:from2002-11-03:to9999-12-31,5712:5712:m26:f0:from2002-11-03:to9999-12-31::row:234241,kky,5712,26,0.849174,,,False,False,False,direct_candidate_not_selected,PASS,7.10,6570 m.GEC1/f.0,fam=mulga_kanun|id=6570|title=751be76b867f|start=1955-05-27|state=repealed|article=gec1|clause=0,6570 m.gec1,repealed_transition_answer,18,18,kanun | yonetmelik | teblig | khk | cb_karar | mulga_kanun,mulga_kanun,title_ngram_family_lookup,legacy_scope_state_binding
MULGA-05,mevzuat_faz1_shadow_20260418_compat1024_p0_backfill,BASE,24,13611:13611:m13:f0:from2009-12-13:to9999-12-31,13611:13611:m13:f0:from2009-12-13:to9999-12-31::row:293347,kky,13611,13,0.849088,,,False,False,False,direct_candidate_not_selected,PASS,7.10,6570 m.GEC1/f.0,fam=mulga_kanun|id=6570|title=751be76b867f|start=1955-05-27|state=repealed|article=gec1|clause=0,6570 m.gec1,repealed_transition_answer,18,18,kanun | yonetmelik | teblig | khk | cb_karar | mulga_kanun,mulga_kanun,title_ngram_family_lookup,legacy_scope_state_binding
MULGA-05,mevzuat_faz1_shadow_20260418_compat1024_p0_backfill_phase24j,TARGET,1,20557:20557:m62:f0:from2015-02-26:to9999-12-31,20557:20557:m62:f0:from2015-02-26:to9999-12-31::row:85484,uy,20557,62,0.860619,,,False,False,False,direct_candidate_present_but_runtime_evidence_empty,FAIL,2.50,,,unknown,repealed_transition_answer,0,0,,,title_ngram_family_lookup,
MULGA-05,mevzuat_faz1_shadow_20260418_compat1024_p0_backfill_phase24j,TARGET,2,2082:2082:m6:f0:from1977-03-24:to9999-12-31,2082:2082:m6:f0:from1977-03-24:to9999-12-31::row:30182,kanun,2082,6,0.860495,,,False,False,False,direct_candidate_present_but_runtime_evidence_empty,FAIL,2.50,,,unknown,repealed_transition_answer,0,0,,,title_ngram_family_lookup,
MULGA-05,mevzuat_faz1_shadow_20260418_compat1024_p0_backfill_phase24j,TARGET,3,18852:18852:m25:f0:from2013-09-17:to9999-12-31,18852:18852:m25:f0:from2013-09-17:to9999-12-31::row:302420,teblig,18852,25,0.856440,,,False,False,False,direct_candidate_present_but_runtime_evidence_empty,FAIL,2.50,,,unknown,repealed_transition_answer,0,0,,,title_ngram_family_lookup,
MULGA-05,mevzuat_faz1_shadow_20260418_compat1024_p0_backfill_phase24j,TARGET,4,20774:20774:m25:f0:from2015-05-23:to9999-12-31,20774:20774:m25:f0:from2015-05-23:to9999-12-31::row:99083,teblig,20774,25,0.855631,,,False,False,False,direct_candidate_present_but_runtime_evidence_empty,FAIL,2.50,,,unknown,repealed_transition_answer,0,0,,,title_ngram_family_lookup,
MULGA-05,mevzuat_faz1_shadow_20260418_compat1024_p0_backfill_phase24j,TARGET,5,6969:6969:m24:f0:from1900-01-01:to9999-12-31,6969:6969:m24:f0:from1900-01-01:to9999-12-31::row:75676,kky,6969,24,0.855468,,,False,False,False,direct_candidate_present_but_runtime_evidence_empty,FAIL,2.50,,,unknown,repealed_transition_answer,0,0,,,title_ngram_family_lookup,
MULGA-05,mevzuat_faz1_shadow_20260418_compat1024_p0_backfill_phase24j,TARGET,6,8769:8769:m24:f0:from2004-06-02:to9999-12-31,8769:8769:m24:f0:from2004-06-02:to9999-12-31::row:309527,teblig,8769,24,0.854578,,,False,False,False,direct_candidate_present_but_runtime_evidence_empty,FAIL,2.50,,,unknown,repealed_transition_answer,0,0,,,title_ngram_family_lookup,
MULGA-05,mevzuat_faz1_shadow_20260418_compat1024_p0_backfill_phase24j,TARGET,7,4728:4728:m6:f0:from1987-10-28:to9999-12-31,4728:4728:m6:f0:from1987-10-28:to9999-12-31::row:264223,kky,4728,6,0.854370,,,False,False,False,direct_candidate_present_but_runtime_evidence_empty,FAIL,2.50,,,unknown,repealed_transition_answer,0,0,,,title_ngram_family_lookup,
MULGA-05,mevzuat_faz1_shadow_20260418_compat1024_p0_backfill_phase24j,TARGET,8,68890:68890:m26:f0:from1967-11-06:to9999-12-31,68890:68890:m26:f0:from1967-11-06:to9999-12-31::row:14870,yonetmelik,68890,26,0.854061,,,False,False,False,direct_candidate_present_but_runtime_evidence_empty,FAIL,2.50,,,unknown,repealed_transition_answer,0,0,,,title_ngram_family_lookup,
MULGA-05,mevzuat_faz1_shadow_20260418_compat1024_p0_backfill_phase24j,TARGET,9,6570:6570:m11:f0:from1955-05-27:to1900-01-01,6570:6570:m11:f0:from1955-05-27:to1900-01-01::row:32491,mulga_kanun,6570,11,0.852345,,,False,False,False,direct_candidate_present_but_runtime_evidence_empty,FAIL,2.50,,,unknown,repealed_transition_answer,0,0,,,title_ngram_family_lookup,
MULGA-05,mevzuat_faz1_shadow_20260418_compat1024_p0_backfill_phase24j,TARGET,10,4676:4676:m16:f0:from1981-08-21:to9999-12-31,4676:4676:m16:f0:from1981-08-21:to9999-12-31::row:334433,kky,4676,16,0.851646,,,False,False,False,direct_candidate_present_but_runtime_evidence_empty,FAIL,2.50,,,unknown,repealed_transition_answer,0,0,,,title_ngram_family_lookup,
MULGA-05,mevzuat_faz1_shadow_20260418_compat1024_p0_backfill_phase24j,TARGET,11,6570:6570:m6:f0:from1955-05-27:to1900-01-01,6570:6570:m6:f0:from1955-05-27:to1900-01-01::row:32498,mulga_kanun,6570,6,0.851593,,,False,False,False,direct_candidate_present_but_runtime_evidence_empty,FAIL,2.50,,,unknown,repealed_transition_answer,0,0,,,title_ngram_family_lookup,
MULGA-05,mevzuat_faz1_shadow_20260418_compat1024_p0_backfill_phase24j,TARGET,12,269:269:m4:f0:from1987-02-02:to9999-12-31,269:269:m4:f0:from1987-02-02:to9999-12-31::row:15421,khk,269,4,0.850713,,,False,False,False,direct_candidate_present_but_runtime_evidence_empty,FAIL,2.50,,,unknown,repealed_transition_answer,0,0,,,title_ngram_family_lookup,
MULGA-05,mevzuat_faz1_shadow_20260418_compat1024_p0_backfill_phase24j,TARGET,13,269:269:m4:f0:from1987-02-02:to9999-12-31,269:269:m4:f0:from1987-02-02:to9999-12-31::row:15414,khk,269,4,0.850713,,,False,False,False,direct_candidate_present_but_runtime_evidence_empty,FAIL,2.50,,,unknown,repealed_transition_answer,0,0,,,title_ngram_family_lookup,
MULGA-05,mevzuat_faz1_shadow_20260418_compat1024_p0_backfill_phase24j,TARGET,14,14125:14125:m22:f0:from2010-07-21:to9999-12-31,14125:14125:m22:f0:from2010-07-21:to9999-12-31::row:343797,teblig,14125,22,0.850602,,,False,False,False,direct_candidate_present_but_runtime_evidence_empty,FAIL,2.50,,,unknown,repealed_transition_answer,0,0,,,title_ngram_family_lookup,
MULGA-05,mevzuat_faz1_shadow_20260418_compat1024_p0_backfill_phase24j,TARGET,15,233:233:m25:f0:from1900-01-01:to9999-12-31,233:233:m25:f0:from1900-01-01:to9999-12-31::row:41204,khk,233,25,0.850408,,,False,False,False,direct_candidate_present_but_runtime_evidence_empty,FAIL,2.50,,,unknown,repealed_transition_answer,0,0,,,title_ngram_family_lookup,
MULGA-05,mevzuat_faz1_shadow_20260418_compat1024_p0_backfill_phase24j,TARGET,16,19252:19252:m6:f0:from2014-01-10:to9999-12-31,19252:19252:m6:f0:from2014-01-10:to9999-12-31::row:82455,teblig,19252,6,0.850387,,,False,False,False,direct_candidate_present_but_runtime_evidence_empty,FAIL,2.50,,,unknown,repealed_transition_answer,0,0,,,title_ngram_family_lookup,
MULGA-05,mevzuat_faz1_shadow_20260418_compat1024_p0_backfill_phase24j,TARGET,17,5247:5247:m18:f0:from1991-06-28:to9999-12-31,5247:5247:m18:f0:from1991-06-28:to9999-12-31::row:202934,kky,5247,18,0.850301,,,False,False,False,direct_candidate_present_but_runtime_evidence_empty,FAIL,2.50,,,unknown,repealed_transition_answer,0,0,,,title_ngram_family_lookup,
MULGA-05,mevzuat_faz1_shadow_20260418_compat1024_p0_backfill_phase24j,TARGET,18,1612:1612:m2:f0:from2019-10-04:to9999-12-31,1612:1612:m2:f0:from2019-10-04:to9999-12-31::row:295532,cb_karar,1612,2,0.850069,,,False,False,False,direct_candidate_present_but_runtime_evidence_empty,FAIL,2.50,,,unknown,repealed_transition_answer,0,0,,,title_ngram_family_lookup,
MULGA-05,mevzuat_faz1_shadow_20260418_compat1024_p0_backfill_phase24j,TARGET,19,5188:5188:m25:f0:from1900-01-01:to9999-12-31,5188:5188:m25:f0:from1900-01-01:to9999-12-31::row:1428,kanun,5188,25,0.849693,,,False,False,False,direct_candidate_present_but_runtime_evidence_empty,FAIL,2.50,,,unknown,repealed_transition_answer,0,0,,,title_ngram_family_lookup,
MULGA-05,mevzuat_faz1_shadow_20260418_compat1024_p0_backfill_phase24j,TARGET,20,4676:4676:m21:f0:from1981-08-21:to9999-12-31,4676:4676:m21:f0:from1981-08-21:to9999-12-31::row:334438,kky,4676,21,0.849663,,,False,False,False,direct_candidate_present_but_runtime_evidence_empty,FAIL,2.50,,,unknown,repealed_transition_answer,0,0,,,title_ngram_family_lookup,
MULGA-05,mevzuat_faz1_shadow_20260418_compat1024_p0_backfill_phase24j,TARGET,21,6570:6570:m5:f0:from1955-05-27:to1900-01-01,6570:6570:m5:f0:from1955-05-27:to1900-01-01::row:32488,mulga_kanun,6570,5,0.849656,,,False,False,False,direct_candidate_present_but_runtime_evidence_empty,FAIL,2.50,,,unknown,repealed_transition_answer,0,0,,,title_ngram_family_lookup,
MULGA-05,mevzuat_faz1_shadow_20260418_compat1024_p0_backfill_phase24j,TARGET,22,21414:21414:m27:f0:from2016-02-12:to9999-12-31,21414:21414:m27:f0:from2016-02-12:to9999-12-31::row:214799,teblig,21414,27,0.849452,,,False,False,False,direct_candidate_present_but_runtime_evidence_empty,FAIL,2.50,,,unknown,repealed_transition_answer,0,0,,,title_ngram_family_lookup,
MULGA-05,mevzuat_faz1_shadow_20260418_compat1024_p0_backfill_phase24j,TARGET,23,5712:5712:m26:f0:from2002-11-03:to9999-12-31,5712:5712:m26:f0:from2002-11-03:to9999-12-31::row:234241,kky,5712,26,0.849174,,,False,False,False,direct_candidate_present_but_runtime_evidence_empty,FAIL,2.50,,,unknown,repealed_transition_answer,0,0,,,title_ngram_family_lookup,
MULGA-05,mevzuat_faz1_shadow_20260418_compat1024_p0_backfill_phase24j,TARGET,24,13611:13611:m13:f0:from2009-12-13:to9999-12-31,13611:13611:m13:f0:from2009-12-13:to9999-12-31::row:293347,kky,13611,13,0.849088,,,False,False,False,direct_candidate_present_but_runtime_evidence_empty,FAIL,2.50,,,unknown,repealed_transition_answer,0,0,,,title_ngram_family_lookup,
TEB-06,mevzuat_faz1_shadow_20260418_compat1024_p0_backfill,BASE,1,phase22f:yonetmelik:20124093:m83:f0:from2013-01-27:to9999-12-31,phase22f:yonetmelik:20124093:m83:f0:from2013-01-27:to9999-12-31::row:delta,yonetmelik,Ticaret Sicili Yönetmeliği relevant framework provisions,83,0.872976,,,False,False,False,direct_candidate_not_selected,PASS,8.90,23093 m.13/f.0,fam=teblig|id=23093|title=fd11157122d7|start=2016-12-06|state=active|article=13|clause=0,23093 m.1,qualified_answer,10,10,teblig,teblig,normalized_title_lookup,selected_source_lock
TEB-06,mevzuat_faz1_shadow_20260418_compat1024_p0_backfill,BASE,2,20124093:20124093:m19:f0:from2013-01-27:to9999-12-31,20124093:20124093:m19:f0:from2013-01-27:to9999-12-31::row:47344,cb_yonetmelik,20124093,19,0.872859,,,False,False,False,direct_candidate_not_selected,PASS,8.90,23093 m.13/f.0,fam=teblig|id=23093|title=fd11157122d7|start=2016-12-06|state=active|article=13|clause=0,23093 m.1,qualified_answer,10,10,teblig,teblig,normalized_title_lookup,selected_source_lock
TEB-06,mevzuat_faz1_shadow_20260418_compat1024_p0_backfill,BASE,3,phase22f:teblig:23093:m1:f0:from2016-12-06:to9999-12-31,phase22f:teblig:23093:m1:f0:from2016-12-06:to9999-12-31::row:delta,tebligler,23093 Şirket Kuruluş Sözleşmesinin Ticaret Sicili Müdürlüklerinde İmzalanması Hakkında Tebliğ,1,0.872383,,,False,True,True,selected_by_runtime_selector,PASS,8.90,23093 m.13/f.0,fam=teblig|id=23093|title=fd11157122d7|start=2016-12-06|state=active|article=13|clause=0,23093 m.1,qualified_answer,10,10,teblig,teblig,normalized_title_lookup,selected_source_lock
TEB-06,mevzuat_faz1_shadow_20260418_compat1024_p0_backfill,BASE,4,phase22f:yonetmelik:20124093:m12:f0:from2013-01-27:to9999-12-31,phase22f:yonetmelik:20124093:m12:f0:from2013-01-27:to9999-12-31::row:delta,yonetmelik,Ticaret Sicili Yönetmeliği relevant framework provisions,12,0.871095,,,False,False,False,direct_candidate_not_selected,PASS,8.90,23093 m.13/f.0,fam=teblig|id=23093|title=fd11157122d7|start=2016-12-06|state=active|article=13|clause=0,23093 m.1,qualified_answer,10,10,teblig,teblig,normalized_title_lookup,selected_source_lock
TEB-06,mevzuat_faz1_shadow_20260418_compat1024_p0_backfill,BASE,5,13565:13565:m11:f0:from2009-11-22:to9999-12-31,13565:13565:m11:f0:from2009-11-22:to9999-12-31::row:205284,teblig,13565,11,0.870574,,,False,False,False,direct_candidate_not_selected,PASS,8.90,23093 m.13/f.0,fam=teblig|id=23093|title=fd11157122d7|start=2016-12-06|state=active|article=13|clause=0,23093 m.1,qualified_answer,10,10,teblig,teblig,normalized_title_lookup,selected_source_lock
TEB-06,mevzuat_faz1_shadow_20260418_compat1024_p0_backfill,BASE,6,phase22f:yonetmelik:20124093:m19:f0:from2013-01-27:to9999-12-31,phase22f:yonetmelik:20124093:m19:f0:from2013-01-27:to9999-12-31::row:delta,yonetmelik,Ticaret Sicili Yönetmeliği relevant framework provisions,19,0.870485,,,False,False,False,direct_candidate_not_selected,PASS,8.90,23093 m.13/f.0,fam=teblig|id=23093|title=fd11157122d7|start=2016-12-06|state=active|article=13|clause=0,23093 m.1,qualified_answer,10,10,teblig,teblig,normalized_title_lookup,selected_source_lock
TEB-06,mevzuat_faz1_shadow_20260418_compat1024_p0_backfill,BASE,7,phase22f:yonetmelik:20124093:m100:f0:from2013-01-27:to9999-12-31,phase22f:yonetmelik:20124093:m100:f0:from2013-01-27:to9999-12-31::row:delta,yonetmelik,Ticaret Sicili Yönetmeliği relevant framework provisions,100,0.870015,,,False,False,False,direct_candidate_not_selected,PASS,8.90,23093 m.13/f.0,fam=teblig|id=23093|title=fd11157122d7|start=2016-12-06|state=active|article=13|clause=0,23093 m.1,qualified_answer,10,10,teblig,teblig,normalized_title_lookup,selected_source_lock
TEB-06,mevzuat_faz1_shadow_20260418_compat1024_p0_backfill,BASE,8,phase22f:yonetmelik:20124093:m25:f0:from2013-01-27:to9999-12-31,phase22f:yonetmelik:20124093:m25:f0:from2013-01-27:to9999-12-31::row:delta,yonetmelik,Ticaret Sicili Yönetmeliği relevant framework provisions,25,0.869815,,,False,False,False,direct_candidate_not_selected,PASS,8.90,23093 m.13/f.0,fam=teblig|id=23093|title=fd11157122d7|start=2016-12-06|state=active|article=13|clause=0,23093 m.1,qualified_answer,10,10,teblig,teblig,normalized_title_lookup,selected_source_lock
TEB-06,mevzuat_faz1_shadow_20260418_compat1024_p0_backfill,BASE,9,20631:20631:m9:f0:from2015-03-30:to9999-12-31,20631:20631:m9:f0:from2015-03-30:to9999-12-31::row:148485,kky,20631,9,0.867441,,,False,False,False,direct_candidate_not_selected,PASS,8.90,23093 m.13/f.0,fam=teblig|id=23093|title=fd11157122d7|start=2016-12-06|state=active|article=13|clause=0,23093 m.1,qualified_answer,10,10,teblig,teblig,normalized_title_lookup,selected_source_lock
TEB-06,mevzuat_faz1_shadow_20260418_compat1024_p0_backfill,BASE,10,phase22f:teblig:23093:m4:f0:from2016-12-06:to9999-12-31,phase22f:teblig:23093:m4:f0:from2016-12-06:to9999-12-31::row:delta,tebligler,23093 Şirket Kuruluş Sözleşmesinin Ticaret Sicili Müdürlüklerinde İmzalanması Hakkında Tebliğ,4,0.866776,,,False,False,False,direct_candidate_not_selected,PASS,8.90,23093 m.13/f.0,fam=teblig|id=23093|title=fd11157122d7|start=2016-12-06|state=active|article=13|clause=0,23093 m.1,qualified_answer,10,10,teblig,teblig,normalized_title_lookup,selected_source_lock
TEB-06,mevzuat_faz1_shadow_20260418_compat1024_p0_backfill,BASE,11,5086:5086:m5:f0:from2004-02-14:to9999-12-31,5086:5086:m5:f0:from2004-02-14:to9999-12-31::row:33861,kanun,5086,5,0.865900,,,False,False,False,direct_candidate_not_selected,PASS,8.90,23093 m.13/f.0,fam=teblig|id=23093|title=fd11157122d7|start=2016-12-06|state=active|article=13|clause=0,23093 m.1,qualified_answer,10,10,teblig,teblig,normalized_title_lookup,selected_source_lock
TEB-06,mevzuat_faz1_shadow_20260418_compat1024_p0_backfill,BASE,12,5692:5692:m8:f0:from2000-06-23:to9999-12-31,5692:5692:m8:f0:from2000-06-23:to9999-12-31::row:271821,kky,5692,8,0.865240,,,False,False,False,direct_candidate_not_selected,PASS,8.90,23093 m.13/f.0,fam=teblig|id=23093|title=fd11157122d7|start=2016-12-06|state=active|article=13|clause=0,23093 m.1,qualified_answer,10,10,teblig,teblig,normalized_title_lookup,selected_source_lock
TEB-06,mevzuat_faz1_shadow_20260418_compat1024_p0_backfill,BASE,13,29033:29033:m6:f0:from1900-01-01:to9999-12-31,29033:29033:m6:f0:from1900-01-01:to9999-12-31::row:312964,kky,29033,6,0.865039,,,False,False,False,direct_candidate_not_selected,PASS,8.90,23093 m.13/f.0,fam=teblig|id=23093|title=fd11157122d7|start=2016-12-06|state=active|article=13|clause=0,23093 m.1,qualified_answer,10,10,teblig,teblig,normalized_title_lookup,selected_source_lock
TEB-06,mevzuat_faz1_shadow_20260418_compat1024_p0_backfill,BASE,14,11679:11679:m6:f0:from2007-10-24:to9999-12-31,11679:11679:m6:f0:from2007-10-24:to9999-12-31::row:238448,kky,11679,6,0.864588,,,False,False,False,direct_candidate_not_selected,PASS,8.90,23093 m.13/f.0,fam=teblig|id=23093|title=fd11157122d7|start=2016-12-06|state=active|article=13|clause=0,23093 m.1,qualified_answer,10,10,teblig,teblig,normalized_title_lookup,selected_source_lock
TEB-06,mevzuat_faz1_shadow_20260418_compat1024_p0_backfill,BASE,15,20124093:20124093:m83:f0:from2013-01-27:to9999-12-31,20124093:20124093:m83:f0:from2013-01-27:to9999-12-31::row:47408,cb_yonetmelik,20124093,83,0.863660,,,False,False,False,direct_candidate_not_selected,PASS,8.90,23093 m.13/f.0,fam=teblig|id=23093|title=fd11157122d7|start=2016-12-06|state=active|article=13|clause=0,23093 m.1,qualified_answer,10,10,teblig,teblig,normalized_title_lookup,selected_source_lock
TEB-06,mevzuat_faz1_shadow_20260418_compat1024_p0_backfill,BASE,16,38250:38250:m6:f0:from2021-01-22:to9999-12-31,38250:38250:m6:f0:from2021-01-22:to9999-12-31::row:310203,teblig,38250,6,0.862840,,,False,False,False,direct_candidate_not_selected,PASS,8.90,23093 m.13/f.0,fam=teblig|id=23093|title=fd11157122d7|start=2016-12-06|state=active|article=13|clause=0,23093 m.1,qualified_answer,10,10,teblig,teblig,normalized_title_lookup,selected_source_lock
TEB-06,mevzuat_faz1_shadow_20260418_compat1024_p0_backfill,BASE,17,2634:2634:m17:f0:from1900-01-01:to9999-12-31,2634:2634:m17:f0:from1900-01-01:to9999-12-31::row:26377,kanun,2634,17,0.862729,,,False,False,False,direct_candidate_not_selected,PASS,8.90,23093 m.13/f.0,fam=teblig|id=23093|title=fd11157122d7|start=2016-12-06|state=active|article=13|clause=0,23093 m.1,qualified_answer,10,10,teblig,teblig,normalized_title_lookup,selected_source_lock
TEB-06,mevzuat_faz1_shadow_20260418_compat1024_p0_backfill,BASE,18,phase22f:teblig:23093:m6:f0:from2016-12-06:to9999-12-31,phase22f:teblig:23093:m6:f0:from2016-12-06:to9999-12-31::row:delta,tebligler,23093 Şirket Kuruluş Sözleşmesinin Ticaret Sicili Müdürlüklerinde İmzalanması Hakkında Tebliğ,6,0.862589,,,False,True,True,selected_by_runtime_selector,PASS,8.90,23093 m.13/f.0,fam=teblig|id=23093|title=fd11157122d7|start=2016-12-06|state=active|article=13|clause=0,23093 m.1,qualified_answer,10,10,teblig,teblig,normalized_title_lookup,selected_source_lock
TEB-06,mevzuat_faz1_shadow_20260418_compat1024_p0_backfill,BASE,19,19319:19319:m7:f0:from2014-01-22:to9999-12-31,19319:19319:m7:f0:from2014-01-22:to9999-12-31::row:162864,kky,19319,7,0.862539,,,False,False,False,direct_candidate_not_selected,PASS,8.90,23093 m.13/f.0,fam=teblig|id=23093|title=fd11157122d7|start=2016-12-06|state=active|article=13|clause=0,23093 m.1,qualified_answer,10,10,teblig,teblig,normalized_title_lookup,selected_source_lock
TEB-06,mevzuat_faz1_shadow_20260418_compat1024_p0_backfill,BASE,20,16770:16770:m1:f0:from2012-11-15:to9999-12-31,16770:16770:m1:f0:from2012-11-15:to9999-12-31::row:85975,teblig,16770,1,0.862492,,,False,False,False,direct_candidate_not_selected,PASS,8.90,23093 m.13/f.0,fam=teblig|id=23093|title=fd11157122d7|start=2016-12-06|state=active|article=13|clause=0,23093 m.1,qualified_answer,10,10,teblig,teblig,normalized_title_lookup,selected_source_lock
TEB-06,mevzuat_faz1_shadow_20260418_compat1024_p0_backfill,BASE,21,39965:39965:m6:f0:from2022-12-31:to9999-12-31,39965:39965:m6:f0:from2022-12-31:to9999-12-31::row:198288,teblig,39965,6,0.862450,,,False,False,False,direct_candidate_not_selected,PASS,8.90,23093 m.13/f.0,fam=teblig|id=23093|title=fd11157122d7|start=2016-12-06|state=active|article=13|clause=0,23093 m.1,qualified_answer,10,10,teblig,teblig,normalized_title_lookup,selected_source_lock
TEB-06,mevzuat_faz1_shadow_20260418_compat1024_p0_backfill,BASE,22,20124093:20124093:m12:f0:from2013-01-27:to9999-12-31,20124093:20124093:m12:f0:from2013-01-27:to9999-12-31::row:47337,cb_yonetmelik,20124093,12,0.862446,,,False,False,False,direct_candidate_not_selected,PASS,8.90,23093 m.13/f.0,fam=teblig|id=23093|title=fd11157122d7|start=2016-12-06|state=active|article=13|clause=0,23093 m.1,qualified_answer,10,10,teblig,teblig,normalized_title_lookup,selected_source_lock
TEB-06,mevzuat_faz1_shadow_20260418_compat1024_p0_backfill,BASE,23,41097:41097:m15:f0:from2024-12-12:to9999-12-31,41097:41097:m15:f0:from2024-12-12:to9999-12-31::row:200067,teblig,41097,15,0.862441,,,False,False,False,direct_candidate_not_selected,PASS,8.90,23093 m.13/f.0,fam=teblig|id=23093|title=fd11157122d7|start=2016-12-06|state=active|article=13|clause=0,23093 m.1,qualified_answer,10,10,teblig,teblig,normalized_title_lookup,selected_source_lock
TEB-06,mevzuat_faz1_shadow_20260418_compat1024_p0_backfill,BASE,24,6181:6181:m3:f0:from2004-02-15:to9999-12-31,6181:6181:m3:f0:from2004-02-15:to9999-12-31::row:334523,teblig,6181,3,0.862350,,,False,False,False,direct_candidate_not_selected,PASS,8.90,23093 m.13/f.0,fam=teblig|id=23093|title=fd11157122d7|start=2016-12-06|state=active|article=13|clause=0,23093 m.1,qualified_answer,10,10,teblig,teblig,normalized_title_lookup,selected_source_lock
TEB-06,mevzuat_faz1_shadow_20260418_compat1024_p0_backfill_phase24j,TARGET,1,phase22f:yonetmelik:20124093:m83:f0:from2013-01-27:to9999-12-31,phase22f:yonetmelik:20124093:m83:f0:from2013-01-27:to9999-12-31::row:delta,yonetmelik,Ticaret Sicili Yönetmeliği relevant framework provisions,83,0.872976,,,False,False,False,direct_candidate_present_but_runtime_evidence_empty,FAIL,3.10,,,unknown,insufficient_grounding,0,0,,,normalized_title_lookup,
TEB-06,mevzuat_faz1_shadow_20260418_compat1024_p0_backfill_phase24j,TARGET,2,20124093:20124093:m19:f0:from2013-01-27:to9999-12-31,20124093:20124093:m19:f0:from2013-01-27:to9999-12-31::row:47344,cb_yonetmelik,20124093,19,0.872859,,,False,False,False,direct_candidate_present_but_runtime_evidence_empty,FAIL,3.10,,,unknown,insufficient_grounding,0,0,,,normalized_title_lookup,
TEB-06,mevzuat_faz1_shadow_20260418_compat1024_p0_backfill_phase24j,TARGET,3,phase22f:teblig:23093:m1:f0:from2016-12-06:to9999-12-31,phase22f:teblig:23093:m1:f0:from2016-12-06:to9999-12-31::row:delta,tebligler,23093 Şirket Kuruluş Sözleşmesinin Ticaret Sicili Müdürlüklerinde İmzalanması Hakkında Tebliğ,1,0.872383,,,False,False,False,direct_candidate_present_but_runtime_evidence_empty,FAIL,3.10,,,unknown,insufficient_grounding,0,0,,,normalized_title_lookup,
TEB-06,mevzuat_faz1_shadow_20260418_compat1024_p0_backfill_phase24j,TARGET,4,phase22f:yonetmelik:20124093:m12:f0:from2013-01-27:to9999-12-31,phase22f:yonetmelik:20124093:m12:f0:from2013-01-27:to9999-12-31::row:delta,yonetmelik,Ticaret Sicili Yönetmeliği relevant framework provisions,12,0.871095,,,False,False,False,direct_candidate_present_but_runtime_evidence_empty,FAIL,3.10,,,unknown,insufficient_grounding,0,0,,,normalized_title_lookup,
TEB-06,mevzuat_faz1_shadow_20260418_compat1024_p0_backfill_phase24j,TARGET,5,13565:13565:m11:f0:from2009-11-22:to9999-12-31,13565:13565:m11:f0:from2009-11-22:to9999-12-31::row:205284,teblig,13565,11,0.870574,,,False,False,False,direct_candidate_present_but_runtime_evidence_empty,FAIL,3.10,,,unknown,insufficient_grounding,0,0,,,normalized_title_lookup,
TEB-06,mevzuat_faz1_shadow_20260418_compat1024_p0_backfill_phase24j,TARGET,6,phase22f:yonetmelik:20124093:m19:f0:from2013-01-27:to9999-12-31,phase22f:yonetmelik:20124093:m19:f0:from2013-01-27:to9999-12-31::row:delta,yonetmelik,Ticaret Sicili Yönetmeliği relevant framework provisions,19,0.870485,,,False,False,False,direct_candidate_present_but_runtime_evidence_empty,FAIL,3.10,,,unknown,insufficient_grounding,0,0,,,normalized_title_lookup,
TEB-06,mevzuat_faz1_shadow_20260418_compat1024_p0_backfill_phase24j,TARGET,7,phase22f:yonetmelik:20124093:m100:f0:from2013-01-27:to9999-12-31,phase22f:yonetmelik:20124093:m100:f0:from2013-01-27:to9999-12-31::row:delta,yonetmelik,Ticaret Sicili Yönetmeliği relevant framework provisions,100,0.870015,,,False,False,False,direct_candidate_present_but_runtime_evidence_empty,FAIL,3.10,,,unknown,insufficient_grounding,0,0,,,normalized_title_lookup,
TEB-06,mevzuat_faz1_shadow_20260418_compat1024_p0_backfill_phase24j,TARGET,8,phase22f:yonetmelik:20124093:m25:f0:from2013-01-27:to9999-12-31,phase22f:yonetmelik:20124093:m25:f0:from2013-01-27:to9999-12-31::row:delta,yonetmelik,Ticaret Sicili Yönetmeliği relevant framework provisions,25,0.869815,,,False,False,False,direct_candidate_present_but_runtime_evidence_empty,FAIL,3.10,,,unknown,insufficient_grounding,0,0,,,normalized_title_lookup,
TEB-06,mevzuat_faz1_shadow_20260418_compat1024_p0_backfill_phase24j,TARGET,9,20631:20631:m9:f0:from2015-03-30:to9999-12-31,20631:20631:m9:f0:from2015-03-30:to9999-12-31::row:148485,kky,20631,9,0.867441,,,False,False,False,direct_candidate_present_but_runtime_evidence_empty,FAIL,3.10,,,unknown,insufficient_grounding,0,0,,,normalized_title_lookup,
TEB-06,mevzuat_faz1_shadow_20260418_compat1024_p0_backfill_phase24j,TARGET,10,phase22f:teblig:23093:m4:f0:from2016-12-06:to9999-12-31,phase22f:teblig:23093:m4:f0:from2016-12-06:to9999-12-31::row:delta,tebligler,23093 Şirket Kuruluş Sözleşmesinin Ticaret Sicili Müdürlüklerinde İmzalanması Hakkında Tebliğ,4,0.866776,,,False,False,False,direct_candidate_present_but_runtime_evidence_empty,FAIL,3.10,,,unknown,insufficient_grounding,0,0,,,normalized_title_lookup,
TEB-06,mevzuat_faz1_shadow_20260418_compat1024_p0_backfill_phase24j,TARGET,11,5086:5086:m5:f0:from2004-02-14:to9999-12-31,5086:5086:m5:f0:from2004-02-14:to9999-12-31::row:33861,kanun,5086,5,0.865900,,,False,False,False,direct_candidate_present_but_runtime_evidence_empty,FAIL,3.10,,,unknown,insufficient_grounding,0,0,,,normalized_title_lookup,
TEB-06,mevzuat_faz1_shadow_20260418_compat1024_p0_backfill_phase24j,TARGET,12,5692:5692:m8:f0:from2000-06-23:to9999-12-31,5692:5692:m8:f0:from2000-06-23:to9999-12-31::row:271821,kky,5692,8,0.865240,,,False,False,False,direct_candidate_present_but_runtime_evidence_empty,FAIL,3.10,,,unknown,insufficient_grounding,0,0,,,normalized_title_lookup,
TEB-06,mevzuat_faz1_shadow_20260418_compat1024_p0_backfill_phase24j,TARGET,13,29033:29033:m6:f0:from1900-01-01:to9999-12-31,29033:29033:m6:f0:from1900-01-01:to9999-12-31::row:312964,kky,29033,6,0.865039,,,False,False,False,direct_candidate_present_but_runtime_evidence_empty,FAIL,3.10,,,unknown,insufficient_grounding,0,0,,,normalized_title_lookup,
TEB-06,mevzuat_faz1_shadow_20260418_compat1024_p0_backfill_phase24j,TARGET,14,11679:11679:m6:f0:from2007-10-24:to9999-12-31,11679:11679:m6:f0:from2007-10-24:to9999-12-31::row:238448,kky,11679,6,0.864588,,,False,False,False,direct_candidate_present_but_runtime_evidence_empty,FAIL,3.10,,,unknown,insufficient_grounding,0,0,,,normalized_title_lookup,
TEB-06,mevzuat_faz1_shadow_20260418_compat1024_p0_backfill_phase24j,TARGET,15,20124093:20124093:m83:f0:from2013-01-27:to9999-12-31,20124093:20124093:m83:f0:from2013-01-27:to9999-12-31::row:47408,cb_yonetmelik,20124093,83,0.863660,,,False,False,False,direct_candidate_present_but_runtime_evidence_empty,FAIL,3.10,,,unknown,insufficient_grounding,0,0,,,normalized_title_lookup,
TEB-06,mevzuat_faz1_shadow_20260418_compat1024_p0_backfill_phase24j,TARGET,16,38250:38250:m6:f0:from2021-01-22:to9999-12-31,38250:38250:m6:f0:from2021-01-22:to9999-12-31::row:310203,teblig,38250,6,0.862840,,,False,False,False,direct_candidate_present_but_runtime_evidence_empty,FAIL,3.10,,,unknown,insufficient_grounding,0,0,,,normalized_title_lookup,
TEB-06,mevzuat_faz1_shadow_20260418_compat1024_p0_backfill_phase24j,TARGET,17,2634:2634:m17:f0:from1900-01-01:to9999-12-31,2634:2634:m17:f0:from1900-01-01:to9999-12-31::row:26377,kanun,2634,17,0.862729,,,False,False,False,direct_candidate_present_but_runtime_evidence_empty,FAIL,3.10,,,unknown,insufficient_grounding,0,0,,,normalized_title_lookup,
TEB-06,mevzuat_faz1_shadow_20260418_compat1024_p0_backfill_phase24j,TARGET,18,phase22f:teblig:23093:m6:f0:from2016-12-06:to9999-12-31,phase22f:teblig:23093:m6:f0:from2016-12-06:to9999-12-31::row:delta,tebligler,23093 Şirket Kuruluş Sözleşmesinin Ticaret Sicili Müdürlüklerinde İmzalanması Hakkında Tebliğ,6,0.862589,,,False,False,False,direct_candidate_present_but_runtime_evidence_empty,FAIL,3.10,,,unknown,insufficient_grounding,0,0,,,normalized_title_lookup,
TEB-06,mevzuat_faz1_shadow_20260418_compat1024_p0_backfill_phase24j,TARGET,19,19319:19319:m7:f0:from2014-01-22:to9999-12-31,19319:19319:m7:f0:from2014-01-22:to9999-12-31::row:162864,kky,19319,7,0.862539,,,False,False,False,direct_candidate_present_but_runtime_evidence_empty,FAIL,3.10,,,unknown,insufficient_grounding,0,0,,,normalized_title_lookup,
TEB-06,mevzuat_faz1_shadow_20260418_compat1024_p0_backfill_phase24j,TARGET,20,16770:16770:m1:f0:from2012-11-15:to9999-12-31,16770:16770:m1:f0:from2012-11-15:to9999-12-31::row:85975,teblig,16770,1,0.862492,,,False,False,False,direct_candidate_present_but_runtime_evidence_empty,FAIL,3.10,,,unknown,insufficient_grounding,0,0,,,normalized_title_lookup,
TEB-06,mevzuat_faz1_shadow_20260418_compat1024_p0_backfill_phase24j,TARGET,21,39965:39965:m6:f0:from2022-12-31:to9999-12-31,39965:39965:m6:f0:from2022-12-31:to9999-12-31::row:198288,teblig,39965,6,0.862450,,,False,False,False,direct_candidate_present_but_runtime_evidence_empty,FAIL,3.10,,,unknown,insufficient_grounding,0,0,,,normalized_title_lookup,
TEB-06,mevzuat_faz1_shadow_20260418_compat1024_p0_backfill_phase24j,TARGET,22,20124093:20124093:m12:f0:from2013-01-27:to9999-12-31,20124093:20124093:m12:f0:from2013-01-27:to9999-12-31::row:47337,cb_yonetmelik,20124093,12,0.862446,,,False,False,False,direct_candidate_present_but_runtime_evidence_empty,FAIL,3.10,,,unknown,insufficient_grounding,0,0,,,normalized_title_lookup,
TEB-06,mevzuat_faz1_shadow_20260418_compat1024_p0_backfill_phase24j,TARGET,23,41097:41097:m15:f0:from2024-12-12:to9999-12-31,41097:41097:m15:f0:from2024-12-12:to9999-12-31::row:200067,teblig,41097,15,0.862441,,,False,False,False,direct_candidate_present_but_runtime_evidence_empty,FAIL,3.10,,,unknown,insufficient_grounding,0,0,,,normalized_title_lookup,
TEB-06,mevzuat_faz1_shadow_20260418_compat1024_p0_backfill_phase24j,TARGET,24,6181:6181:m3:f0:from2004-02-15:to9999-12-31,6181:6181:m3:f0:from2004-02-15:to9999-12-31::row:334523,teblig,6181,3,0.862350,,,False,False,False,direct_candidate_present_but_runtime_evidence_empty,FAIL,3.10,,,unknown,insufficient_grounding,0,0,,,normalized_title_lookup,
